"id","name","code","executive","employee","worker"
occupation_type_employee_121001,"Director De Empresas, De Agricultura, Caza, Silvicultura Y",121001,True,True,False,
occupation_type_employee_121002,"Director Ejecutivo, Empresa, Agricultura, Caza, Silvicultur",121002,True,True,False,
occupation_type_employee_121003,"Director General, Empresa/Agricultura",121003,True,True,False,
occupation_type_employee_121004,"Director General, Empresa/Caza",121004,True,True,False,
occupation_type_employee_121005,"Director General, Empresa/Explotacion: Agricola, Forestal Y",121005,True,True,False,
occupation_type_employee_121006,"Director General, Empresa/Pesca",121006,True,True,False,
occupation_type_employee_121007,"Director General, Empresa/Silvicultura",121007,True,True,False,
occupation_type_employee_121008,"Director General, Organizacion/ Caza",121008,True,True,False,
occupation_type_employee_121009,"Director General, Organizacion/Pesca",121009,True,True,False,
occupation_type_employee_121010,"Director General, Organizacion/Silvicultura",121010,True,True,False,
occupation_type_employee_121011,"Gerente General, Empresa/Agricultura",121011,True,True,False,
occupation_type_employee_121012,"Gerente General, Empresa/Caza",121012,True,True,False,
occupation_type_employee_121013,"Gerente General, Empresa/Pesca",121013,True,True,False,
occupation_type_employee_121014,"Gerente General, Empresa/Silvicultura",121014,True,True,False,
occupation_type_employee_121015,"Gerente General, Organizacion/Caza",121015,True,True,False,
occupation_type_employee_121016,"Gerente General, Organizacion/Pesca",121016,True,True,False,
occupation_type_employee_121017,"Gerente General, Organizacion/Silvicultura",121017,True,True,False,
occupation_type_employee_121020,"Presidente Del Directorio, Agricultura, Caza, Silvicultura",121020,True,True,False,
occupation_type_employee_122001,"Director De Empresas, De Industrias Manufactureras, Minas Y",122001,True,True,False,
occupation_type_employee_122002,"Director Ejecutivo, Empresa, Industria Manufacturera, Minas",122002,True,True,False,
occupation_type_employee_122003,"Director General, Empresa/Industria Manufacturera",122003,True,True,False,
occupation_type_employee_122004,"Director General, Empresa/Suministro De Electricidad, Gas Y",122004,True,True,False,
occupation_type_employee_122005,"Gerente General, Empresa/Industria Manufacturera",122005,True,True,False,
occupation_type_employee_122006,"Gerente General, Empresa/Suministro De Electricidad, Gas Y",122006,True,True,False,
occupation_type_employee_122008,"Presidente Del Directorio, Industrias Manufactureras, Minas",122008,True,True,False,
occupation_type_employee_123001,"Director De Empresas, De Construccion Y Obras Publicas",123001,True,True,False,
occupation_type_employee_123002,"Director Ejecutivo, Empresa, De Construccion Y Obras Public",123002,True,True,False,
occupation_type_employee_123003,"Director General, Empresa/Construccion Y Obras Publicas",123003,True,True,False,
occupation_type_employee_123004,"Gerente General, Empresa/Construccion Y Obras Publicas",123004,True,True,False,
occupation_type_employee_123006,"Presidente Del Directorio, Contruccion Y Obras Publicas",123006,True,True,False,
occupation_type_employee_124001,"Director De Empresas, De Comercio Mayorista Y Minorista, Re",124001,True,True,False,
occupation_type_employee_124002,"Director Ejecutivo, Empresa, De Comercio Mayorista Y Minori",124002,True,True,False,
occupation_type_employee_124003,"Director General, Empresa/Comercio Mayorista",124003,True,True,False,
occupation_type_employee_124004,"Director General, Empresa/Comercio Minorista",124004,True,True,False,
occupation_type_employee_124005,"Director General, Organizacion/Comercio Mayorista",124005,True,True,False,
occupation_type_employee_124006,"Director General, Organizacion/Comercio Minorista",124006,True,True,False,
occupation_type_employee_124007,"Director General, Reparacion/Vehiculos, Automotores, Etc.",124007,True,True,False,
occupation_type_employee_124008,"Gerente General, Empresa/Comercio Mayorista",124008,True,True,False,
occupation_type_employee_124009,"Gerente General, Empresa/Comercio Minorista",124009,True,True,False,
occupation_type_employee_124010,"Gerente Organizacion, Empresa/Comercio Mayorista",124010,True,True,False,
occupation_type_employee_124011,"Gerente Organizacion, Empresa/Comercio Minorista",124011,True,True,False,
occupation_type_employee_124013,"Presidente Del Directorio, Comercio Mayorista Y Minorista,",124013,True,True,False,
occupation_type_employee_125001,"Director De Empresas, De Restaurantes Y Hoteleria",125001,True,True,False,
occupation_type_employee_125002,"Director Ejecutivo, Empresa, De Restaurantes Y Hoteleria",125002,True,True,False,
occupation_type_employee_125003,"Director General, Empresa/Hoteleria",125003,True,True,False,
occupation_type_employee_125004,"Director General, Empresa/Restaurante",125004,True,True,False,
occupation_type_employee_125005,"Director General, Organizacion/Hoteleria",125005,True,True,False,
occupation_type_employee_125006,"Director General, Organizacion/Restaurante",125006,True,True,False,
occupation_type_employee_125007,"Gerente General, Empresa/Hoteleria",125007,True,True,False,
occupation_type_employee_125008,"Gerente General, Empresa/Restaurante",125008,True,True,False,
occupation_type_employee_125009,"Gerente General, Organizacion/Hoteleria",125009,True,True,False,
occupation_type_employee_125010,"Gerente General, Organizacion/Restaurantes",125010,True,True,False,
occupation_type_employee_125012,"Presidente Del Directorio, Restaurantes Y Hoteleria",125012,True,True,False,
occupation_type_employee_126001,"Director De Empresas, De Transporte, Almacenamiento Y Comun",126001,True,True,False,
occupation_type_employee_126002,"Director Ejecutivo, Empresa, De Transporte, Almacenamiento",126002,True,True,False,
occupation_type_employee_126003,"Director General, Empresa/Almacenamiento",126003,True,True,False,
occupation_type_employee_126004,"Director General, Empresa/Comunicaciones",126004,True,True,False,
occupation_type_employee_126005,"Director General, Empresa/Transporte",126005,True,True,False,
occupation_type_employee_126006,"Director General, Organizacion/Transporte",126006,True,True,False,
occupation_type_employee_126007,"Gerente General, Empresa/Almacenamiento",126007,True,True,False,
occupation_type_employee_126008,"Gerente General, Empresa/Comunicaciones",126008,True,True,False,
occupation_type_employee_126009,"Gerente General, Empresa/Transporte",126009,True,True,False,
occupation_type_employee_126010,"Gerente General, Organizacion/Transporte",126010,True,True,False,
occupation_type_employee_126012,"Presidente Del Directorio, Transporte, Almacenamiento Y Com",126012,True,True,False,
occupation_type_employee_127001,"Director De Empresas, De Servicios Publicos Y Financieros",127001,True,True,False,
occupation_type_employee_127002,"Director Ejecutivo, Empresa, De Servicios Publicos Y Financ",127002,True,True,False,
occupation_type_employee_127003,"Director General, Empresa/Actividades Culturales",127003,True,True,False,
occupation_type_employee_127004,"Director General, Empresa/Actividades Deportivas",127004,True,True,False,
occupation_type_employee_127005,"Director General, Empresa/Actividades Recreativas",127005,True,True,False,
occupation_type_employee_127006,"Director General, Empresa/Agencia De Viajes",127006,True,True,False,
occupation_type_employee_127007,"Director General, Empresa/Intermediacion Financiera",127007,True,True,False,
occupation_type_employee_127008,"Director General, Empresa/Limpieza",127008,True,True,False,
occupation_type_employee_127009,"Director General, Empresa/Servicio De Empresa",127009,True,True,False,
occupation_type_employee_127010,"Director General, Empresa/Servicio De Sanidad",127010,True,True,False,
occupation_type_employee_127011,"Director General, Empresa/Trabajo Social",127011,True,True,False,
occupation_type_employee_127012,"Director General, Organizacion/Actividades Culturales",127012,True,True,False,
occupation_type_employee_127013,"Director General, Organizacion/Actividades Deportivas",127013,True,True,False,
occupation_type_employee_127014,"Director General, Organizacion/Actividades Recreativas",127014,True,True,False,
occupation_type_employee_127015,"Director General, Organizacion/Agencia De Viajes",127015,True,True,False,
occupation_type_employee_127016,"Director General, Organizacion/Intermediacion Financiera",127016,True,True,False,
occupation_type_employee_127017,"Director General, Organizacion/Limpieza",127017,True,True,False,
occupation_type_employee_127018,"Director General, Organizacion/Servicio De Empresa",127018,True,True,False,
occupation_type_employee_127019,"Director General, Organizacion/Servicio De Sanidad",127019,True,True,False,
occupation_type_employee_127020,"Director General, Organizacion/Trabajo Social",127020,True,True,False,
occupation_type_employee_127021,"Gerente General, Empresa/Actividades Culturales",127021,True,True,False,
occupation_type_employee_127022,"Gerente General, Empresa/Actividades Deportivas",127022,True,True,False,
occupation_type_employee_127023,"Gerente General, Empresa/Actividades Recreativas",127023,True,True,False,
occupation_type_employee_127024,"Gerente General, Empresa/Agencia De Viajes",127024,True,True,False,
occupation_type_employee_127025,"Gerente General, Empresa/Intermediacion Financiera",127025,True,True,False,
occupation_type_employee_127026,"Gerente General, Empresa/Limpieza",127026,True,True,False,
occupation_type_employee_127027,"Gerente General, Empresa/Servicio De Empresa",127027,True,True,False,
occupation_type_employee_127028,"Gerente General, Empresa/Servicio De Sanidad",127028,True,True,False,
occupation_type_employee_127029,"Gerente General, Empresa/Trabajo Social",127029,True,True,False,
occupation_type_employee_127030,"Gerente General, Organizacion/Actividades Culturales",127030,True,True,False,
occupation_type_employee_127031,"Gerente General, Organizacion/Actividades Deportivas",127031,True,True,False,
occupation_type_employee_127032,"Gerente General, Organizacion/Actividades Recreativas",127032,True,True,False,
occupation_type_employee_127033,"Gerente General, Organizacion/Agencia De Viajes",127033,True,True,False,
occupation_type_employee_127034,"Gerente General, Organizacion/Intermediacion Financiera",127034,True,True,False,
occupation_type_employee_127035,"Gerente General, Organizacion/Limpieza",127035,True,True,False,
occupation_type_employee_127036,"Gerente General, Organizacion/Servicio De Empresa",127036,True,True,False,
occupation_type_employee_127037,"Gerente General, Organizacion/Servicio De Sanidad",127037,True,True,False,
occupation_type_employee_127038,"Gerente General, Organizacion/Trabajo Social",127038,True,True,False,
occupation_type_employee_127040,"Presidente Del Directorio, Servicios Publicos Y Financieros",127040,True,True,False,
occupation_type_employee_129004,Gerente De Planta,129004,True,True,False,
occupation_type_employee_129005,Gerente De Produccion,129005,True,True,False,
occupation_type_employee_129006,Gerente Industrial,129006,True,True,False,
occupation_type_employee_136001,Decano,136001,True,True,False,
occupation_type_employee_136002,Decano De Facultad,136002,True,True,False,
occupation_type_employee_136003,Director De Centro Educativo,136003,True,True,False,
occupation_type_employee_136004,Director De Escuela Profesional,136004,True,True,False,
occupation_type_employee_136005,"Director De Esep/Senati, Etc.",136005,True,True,False,
occupation_type_employee_136007,Director De Instituto Academico,136007,True,True,False,
occupation_type_employee_136008,Director De Nucleos Educativos Comunales,136008,True,True,False,
occupation_type_employee_136010,Director Departamental De Educacion,136010,True,True,False,
occupation_type_employee_136012,Rector,136012,True,True,False,
occupation_type_employee_136013,Vice-Rector,136013,True,True,False,
occupation_type_employee_137005,Gerente De Administracion,137005,True,True,False,
occupation_type_employee_137006,Gerente De Creditos,137006,True,True,False,
occupation_type_employee_139010,Gerente De Comercializacion,139010,True,True,False,
occupation_type_employee_139011,Gerente De Ventas,139011,True,True,False,
occupation_type_employee_141001,"Gerente, Agricultura",141001,True,True,False,
occupation_type_employee_141002,"Gerente, Caza",141002,True,True,False,
occupation_type_employee_141003,"Gerente, Explotacion: Agricola, Forestal Y Pecuaria",141003,True,True,False,
occupation_type_employee_141004,"Gerente, Pesca",141004,True,True,False,
occupation_type_employee_141005,"Gerente, Silvicultura",141005,True,True,False,
occupation_type_employee_142001,"Gerente, Explotacion De Minas Y Canteras",142001,True,True,False,
occupation_type_employee_142002,"Gerente, Industria Manufacturera",142002,True,True,False,
occupation_type_employee_142003,"Gerente, Suministro De Electricidad, Gas Y Agua",142003,True,True,False,
occupation_type_employee_143001,"Gerente, Construccion",143001,True,True,False,
occupation_type_employee_144003,"Gerente, Comercio Mayorista",144003,True,True,False,
occupation_type_employee_144004,"Gerente, Comercio Mayorista/ Exportacion",144004,True,True,False,
occupation_type_employee_144005,"Gerente, Comercio Mayorista/ Importacion",144005,True,True,False,
occupation_type_employee_144006,"Gerente, Comercio Minorista",144006,True,True,False,
occupation_type_employee_144007,"Gerente, Comercio Minorista/ Cadena De Almacenes",144007,True,True,False,
occupation_type_employee_144008,"Gerente, Comercio Minorista/ Tiendas",144008,True,True,False,
occupation_type_employee_144009,"Gerente, Comercio Minorista/ Tiendas (Autoservicio)",144009,True,True,False,
occupation_type_employee_144010,"Gerente, Comercio Minorista/ Tiendas (Ventas Con Descuentos",144010,True,True,False,
occupation_type_employee_144011,"Gerente, Comercio Minorista/ Tiendas (Ventas Por Correo)",144011,True,True,False,
occupation_type_employee_144012,"Gerente Reparacion De Vehiculos, Auto Motores, Motocicletas",144012,True,True,False,
occupation_type_employee_144013,"Gerente, Tienda",144013,True,True,False,
occupation_type_employee_145005,"Gerente, Comercio Nep",145005,True,True,False,
occupation_type_employee_146001,"Gerente, Albergue/ Jovenes",146001,True,True,False,
occupation_type_employee_146002,"Gerente, Bar/Discoteca Y Snack Bar",146002,True,True,False,
occupation_type_employee_146003,"Gerente, Cafe-Teatro",146003,True,True,False,
occupation_type_employee_146004,"Gerente, Cafeteria",146004,True,True,False,
occupation_type_employee_146005,"Gerente, Campamento/ Vacaciones",146005,True,True,False,
occupation_type_employee_146006,"Gerente, Cantina/ Empresa",146006,True,True,False,
occupation_type_employee_146007,"Gerente, Casa De Huespedes",146007,True,True,False,
occupation_type_employee_146008,"Gerente, Fonda",146008,True,True,False,
occupation_type_employee_146009,"Gerente, Hosteleria",146009,True,True,False,
occupation_type_employee_146010,"Gerente, Hotel",146010,True,True,False,
occupation_type_employee_146011,"Gerente, Motel",146011,True,True,False,
occupation_type_employee_146012,"Gerente, Parque De Caravanas",146012,True,True,False,
occupation_type_employee_146013,"Gerente, Pension",146013,True,True,False,
occupation_type_employee_146014,"Gerente, Peña",146014,True,True,False,
occupation_type_employee_146015,"Gerente, Restaurante",146015,True,True,False,
occupation_type_employee_146016,"Gerente, Restaurante-Bar",146016,True,True,False,
occupation_type_employee_146017,"Gerente, Restaurante/ Autoservicio",146017,True,True,False,
occupation_type_employee_146018,"Gerente, Snack-Bar",146018,True,True,False,
occupation_type_employee_146019,"Gerente, Taberna",146019,True,True,False,
occupation_type_employee_147001,"Gerente, Almacenamiento",147001,True,True,False,
occupation_type_employee_147002,"Gerente, Comunicaciones",147002,True,True,False,
occupation_type_employee_147003,"Gerente, Transporte",147003,True,True,False,
occupation_type_employee_145003,"Concesionario-Adm., Rest. Y Cafeteria (Fab. Y Ofic.)",145003,True,True,False,
occupation_type_employee_145004,"Concesionario-Adm., Rest. Y Bar/Cafeteria (Tren, Barco, Avi",145004,True,True,False,
occupation_type_employee_211001,Astrofisico,211001,True,True,False,
occupation_type_employee_211002,Astronomo,211002,True,True,False,
occupation_type_employee_211003,Fisico,211003,True,True,False,
occupation_type_employee_211004,"Fisico, Acustica",211004,True,True,False,
occupation_type_employee_211005,"Fisico, Electricidad Y Magnetismo",211005,True,True,False,
occupation_type_employee_211006,"Fisico, Electronica",211006,True,True,False,
occupation_type_employee_211007,"Fisico, Estatica",211007,True,True,False,
occupation_type_employee_211008,"Fisico, Energia Solar (No Convencional)",211008,True,True,False,
occupation_type_employee_211009,"Fisico, Energia Nuclear",211009,True,True,False,
occupation_type_employee_211010,"Fisico, Fisica Nuclear",211010,True,True,False,
occupation_type_employee_211011,"Fisico, Fisica Teorica",211011,True,True,False,
occupation_type_employee_211012,"Fisico, Matematico",211012,True,True,False,
occupation_type_employee_211013,"Fisico, Mecanica",211013,True,True,False,
occupation_type_employee_211014,"Fisico, Optica",211014,True,True,False,
occupation_type_employee_211015,"Fisico, Sonido",211015,True,True,False,
occupation_type_employee_211016,"Fisico, Termodinamica",211016,True,True,False,
occupation_type_employee_211017,"Fisico, Otro",211017,True,True,False,
occupation_type_employee_212001,Cosmografo,212001,True,True,False,
occupation_type_employee_212002,Cosmologo,212002,True,True,False,
occupation_type_employee_212003,Climatologo,212003,True,True,False,
occupation_type_employee_212004,Meteorologo,212004,True,True,False,
occupation_type_employee_212005,"Meteorologo, Climatologia",212005,True,True,False,
occupation_type_employee_212006,"Meteorologo, Prevision Del Tiempo",212006,True,True,False,
occupation_type_employee_213001,Quimico,213001,True,True,False,
occupation_type_employee_213002,Quimico Analista,213002,True,True,False,
occupation_type_employee_213003,"Quimico, Colorantes",213003,True,True,False,
occupation_type_employee_213004,"Quimico, Control De Calidad",213004,True,True,False,
occupation_type_employee_213005,"Quimico, Corrosion",213005,True,True,False,
occupation_type_employee_213006,"Quimico, Cueros Y Pieles",213006,True,True,False,
occupation_type_employee_213007,"Quimico, Detergentes",213007,True,True,False,
occupation_type_employee_213008,"Quimico, Electroquimica",213008,True,True,False,
occupation_type_employee_213009,"Quimico, Farmacia",213009,True,True,False,
occupation_type_employee_213010,"Quimico, Farmacia/ Industria",213010,True,True,False,
occupation_type_employee_213011,"Quimico, Fisica/Otros",213011,True,True,False,
occupation_type_employee_213012,"Quimico, Industria Del Vidrio",213012,True,True,False,
occupation_type_employee_213013,"Quimico, Industria Metalurgica",213013,True,True,False,
occupation_type_employee_213014,"Quimico, Quimica Analitica",213014,True,True,False,
occupation_type_employee_213015,"Quimico, Quimica Inorganica",213015,True,True,False,
occupation_type_employee_213016,"Quimico, Quimica Mineral",213016,True,True,False,
occupation_type_employee_213017,"Quimico, Quimica Organica",213017,True,True,False,
occupation_type_employee_213018,"Quimico, Textiles",213018,True,True,False,
occupation_type_employee_213019,"Quimico, Tinturas",213019,True,True,False,
occupation_type_employee_213020,"Quimico, Otros (No Incluye Ing. Quimico)",213020,True,True,False,
occupation_type_employee_214001,Estratigrafista,214001,True,True,False,
occupation_type_employee_214002,Geodesia,214002,True,True,False,
occupation_type_employee_214003,Geofisico (Incluye Ingenieros),214003,True,True,False,
occupation_type_employee_214004,"Geofisico, Geomorfologia",214004,True,True,False,
occupation_type_employee_214005,"Geofisico, Hidrologia",214005,True,True,False,
occupation_type_employee_214006,"Geofisico, Oceanografia",214006,True,True,False,
occupation_type_employee_214007,"Geofisico, Sismologia",214007,True,True,False,
occupation_type_employee_214008,"Geofisico, Vulcanologia",214008,True,True,False,
occupation_type_employee_214009,Geologo (Incluye Ingenieros),214009,True,True,False,
occupation_type_employee_214010,"Geologo, Estratigrafia",214010,True,True,False,
occupation_type_employee_214011,"Geologo, Minas",214011,True,True,False,
occupation_type_employee_214012,"Geologo, Oceanografia",214012,True,True,False,
occupation_type_employee_214013,"Geologo, Paleontologia",214013,True,True,False,
occupation_type_employee_214014,"Geologo, Petroleo",214014,True,True,False,
occupation_type_employee_214015,Geomorfologo,214015,True,True,False,
occupation_type_employee_214016,Hidrologo,214016,True,True,False,
occupation_type_employee_214017,Micropaleontologo,214017,True,True,False,
occupation_type_employee_214018,Mineralogista,214018,True,True,False,
occupation_type_employee_214019,"Oceanografo, Geofisica",214019,True,True,False,
occupation_type_employee_214020,"Oceanografo, Geologia",214020,True,True,False,
occupation_type_employee_214021,Paleontologo,214021,True,True,False,
occupation_type_employee_214022,Petrologo,214022,True,True,False,
occupation_type_employee_214023,Sismologo,214023,True,True,False,
occupation_type_employee_214024,Vulcanologo,214024,True,True,False,
occupation_type_employee_215001,Actuario,215001,True,True,False,
occupation_type_employee_215002,"Matematico, Analisis Actuarial",215002,True,True,False,
occupation_type_employee_215003,"Matematico, Matematica Aplicada",215003,True,True,False,
occupation_type_employee_215004,"Matematico, Matematica Pura",215004,True,True,False,
occupation_type_employee_215005,"Matematico-Analista, Investigacion Operativa",215005,True,True,False,
occupation_type_employee_216001,Bioestadistico,216001,True,True,False,
occupation_type_employee_216002,Biometrista,216002,True,True,False,
occupation_type_employee_216003,Demografo,216003,True,True,False,
occupation_type_employee_216004,Estadistico,216004,True,True,False,
occupation_type_employee_216005,"Estadistico, Agricultura",216005,True,True,False,
occupation_type_employee_216006,"Estadistico, Bioestadistica",216006,True,True,False,
occupation_type_employee_216007,"Estadistico, Biometria",216007,True,True,False,
occupation_type_employee_216008,"Estadistico, Economia",216008,True,True,False,
occupation_type_employee_216009,"Estadistico, Encuestas",216009,True,True,False,
occupation_type_employee_216010,"Estadistico, Encuestas Por Sondeo",216010,True,True,False,
occupation_type_employee_216011,"Estadistico, Estadistica Aplicada",216011,True,True,False,
occupation_type_employee_216012,"Estadistico, Finanzas",216012,True,True,False,
occupation_type_employee_216013,"Estadistico, Investigacion",216013,True,True,False,
occupation_type_employee_216014,"Estadistico, Matematico",216014,True,True,False,
occupation_type_employee_216015,"Estadistico, Muestrista",216015,True,True,False,
occupation_type_employee_216016,"Ingeniero, Estadistico",216016,True,True,False,
occupation_type_employee_217001,"Administrador, Banco De Datos",217001,True,True,False,
occupation_type_employee_217002,"Analista, Sistemas Informaticos",217002,True,True,False,
occupation_type_employee_217003,"Analista, Sistemas Informaticos/Banco De Datos",217003,True,True,False,
occupation_type_employee_217004,"Analista, Sistemas Informaticos/Computadoras",217004,True,True,False,
occupation_type_employee_217005,"Analista, Sistemas Informaticos/Telecomunicaciones",217005,True,True,False,
occupation_type_employee_217006,"Analistas, Transmisiones/Sistemas Informaticos",217006,True,True,False,
occupation_type_employee_217007,"Ingeniero, Sistemas Informaticos",217007,True,True,False,
occupation_type_employee_217008,"Ingeniero, Aplicaciones De La Informatica",217008,True,True,False,
occupation_type_employee_218001,"Arquitecto, Edificios",218001,True,True,False,
occupation_type_employee_218002,"Arquitecto, Interiores De Edificios",218002,True,True,False,
occupation_type_employee_218003,"Ingeniero, De Transporte",218003,True,True,False,
occupation_type_employee_218004,"Planificador, Transito",218004,True,True,False,
occupation_type_employee_218005,Urbanista,218005,True,True,False,
occupation_type_employee_219001,Ingeniero Civil,219001,True,True,False,
occupation_type_employee_219002,"Ingeniero Civil, Construccion",219002,True,True,False,
occupation_type_employee_219003,"Ingeniero Civil, Construccion Y Obras Publicas",219003,True,True,False,
occupation_type_employee_219004,"Ingeniero Civil, Construccion/Aerodromos",219004,True,True,False,
occupation_type_employee_219005,"Ingeniero Civil, Construccion/Aeropuertos",219005,True,True,False,
occupation_type_employee_219006,"Ingeniero Civil, Construccion/Calles",219006,True,True,False,
occupation_type_employee_219007,"Ingeniero Civil, Construccion/Carreteras Y Autopistas",219007,True,True,False,
occupation_type_employee_219008,"Ingeniero Civil, Construccion/Chimeneas De Fabricas",219008,True,True,False,
occupation_type_employee_219009,"Ingeniero Civil, Construccion/Edificios Y/O Viviendas",219009,True,True,False,
occupation_type_employee_219010,"Ingeniero Civil, Construccion/Estructuras De Edificios",219010,True,True,False,
occupation_type_employee_219011,"Ingeniero Civil, Construccion/Estructuras Metalicas",219011,True,True,False,
occupation_type_employee_219012,"Ingeniero Civil, Construccion/Vias Ferreas",219012,True,True,False,
occupation_type_employee_219013,"Ingeniero Civil, Construccion/Instalaciones Portuarias",219013,True,True,False,
occupation_type_employee_219014,"Ingeniero Civil, Construccion/Muelles Y Puertos",219014,True,True,False,
occupation_type_employee_219015,"Ingeniero Civil, Construccion/Puentes",219015,True,True,False,
occupation_type_employee_219016,"Ingeniero Civil, Construccion/Torres",219016,True,True,False,
occupation_type_employee_219017,"Ingeniero Civil, Construccion/Tuneles",219017,True,True,False,
occupation_type_employee_219018,"Ingeniero Civil, Contratistas De Obras",219018,True,True,False,
occupation_type_employee_219019,"Ingeniero Civil, Inspector De Obras",219019,True,True,False,
occupation_type_employee_219020,"Ingeniero Civil, Irrigacion",219020,True,True,False,
occupation_type_employee_219021,"Ingeniero Civil, Mecanica/Suelos",219021,True,True,False,
occupation_type_employee_219022,"Ingeniero Civil, Trabajos Maritimos",219022,True,True,False,
occupation_type_employee_219023,"Ingeniero, Canales Y Puertos",219023,True,True,False,
occupation_type_employee_219024,"Ingeniero, Hidraulico",219024,True,True,False,
occupation_type_employee_219025,"Ingeniero, Hidrologia",219025,True,True,False,
occupation_type_employee_219026,"Ingeniero, Irrigacion",219026,True,True,False,
occupation_type_employee_219027,"Ingeniero, Sanitario",219027,True,True,False,
occupation_type_employee_221001,Electrotecnico Superior,221001,True,True,False,
occupation_type_employee_221002,Ingeniero Electricista,221002,True,True,False,
occupation_type_employee_221003,"Ingeniero Electricista, Alto Voltaje",221003,True,True,False,
occupation_type_employee_221004,"Ingeniero Electricista, Equipo Electromecanico",221004,True,True,False,
occupation_type_employee_221005,"Ingeniero Electricista, Equipo Electromecanico De Baja Pote",221005,True,True,False,
occupation_type_employee_221006,"Ingeniero Electricista, Iluminacion",221006,True,True,False,
occupation_type_employee_221007,"Ingeniero Electricista, Lineas Electricas",221007,True,True,False,
occupation_type_employee_221008,"Ingeniero Electricista, Produccion De Energia",221008,True,True,False,
occupation_type_employee_221009,"Ingeniero Electricista, Produccion De Energia Electrica",221009,True,True,False,
occupation_type_employee_221010,"Ingeniero Electricista, Traccion Electrica",221010,True,True,False,
occupation_type_employee_221011,"Ingeniero Electricista, Transporte De Corriente Electrica",221011,True,True,False,
occupation_type_employee_221012,"Ingeniero Electricista, Transporte Y Distribucion Energia",221012,True,True,False,
occupation_type_employee_221013,Tecnologo Electricidad,221013,True,True,False,
occupation_type_employee_221014,"Ingeniero Electronico, Construccion De Computadoras",221014,True,True,False,
occupation_type_employee_221015,Ingeniero De Ordenadores Electronicos,221015,True,True,False,
occupation_type_employee_221016,Ingeniero De Controles Industriales Y Electronica,221016,True,True,False,
occupation_type_employee_221017,"Ingeniero Electronico, Semiconductores",221017,True,True,False,
occupation_type_employee_221018,Ingeniero De Calculadoras Electronicas,221018,True,True,False,
occupation_type_employee_221019,Ingeniero Electronico,221019,True,True,False,
occupation_type_employee_221020,Ingeniero Telecomunicaciones,221020,True,True,False,
occupation_type_employee_221021,Ingeniero Telecomunicaciones/Radar,221021,True,True,False,
occupation_type_employee_221022,Ingeniero Telecomunicaciones/Radio,221022,True,True,False,
occupation_type_employee_221023,Ingeniero Telecomunicaciones/Sistemas De Seðales,221023,True,True,False,
occupation_type_employee_221024,Ingeniero Telecomunicaciones/Telefonos,221024,True,True,False,
occupation_type_employee_221025,Ingeniero Telecomunicaciones/Telegrafos,221025,True,True,False,
occupation_type_employee_221026,Ingeniero Telecomunicaciones/Television,221026,True,True,False,
occupation_type_employee_222001,Ingeniero Mecanico,222001,True,True,False,
occupation_type_employee_222002,"Ingeniero Mecanico, Aeronautica",222002,True,True,False,
occupation_type_employee_222003,"Ingeniero Mecanico, Agricultura (Ing. Agricola)",222003,True,True,False,
occupation_type_employee_222004,"Ingeniero Mecanico, Automotores",222004,True,True,False,
occupation_type_employee_222005,"Ingeniero Mecanico, Automoviles",222005,True,True,False,
occupation_type_employee_222006,"Ingeniero Mecanico, Calefaccion, Ventilacion Y Refrigeracio",222006,True,True,False,
occupation_type_employee_222007,"Ingeniero Mecanico, Climatizacion",222007,True,True,False,
occupation_type_employee_222008,"Ingeniero Mecanico, Construccion Naval",222008,True,True,False,
occupation_type_employee_222009,"Ingeniero Mecanico, Energia Nuclear",222009,True,True,False,
occupation_type_employee_222010,Ingeniero Mecanico Y Electricista,222010,True,True,False,
occupation_type_employee_222011,"Ingeniero Mecanico, Maquinaria Y Herramientas Industriales",222011,True,True,False,
occupation_type_employee_222012,"Ingeniero Mecanico, Motores A Reaccion",222012,True,True,False,
occupation_type_employee_222013,"Ingeniero Mecanico, Motores Diesel Y/O Propulsion A Chorro",222013,True,True,False,
occupation_type_employee_222014,"Ingeniero Mecanico, Motores De Combustion Interna",222014,True,True,False,
occupation_type_employee_222015,"Ingeniero Mecanico, Motores Marinos",222015,True,True,False,
occupation_type_employee_222016,"Ingeniero Mecanico, Motores/Equipo Para Barcos",222016,True,True,False,
occupation_type_employee_222017,"Ingeniero Mecanico, Motores/Excepto Los Marinos",222017,True,True,False,
occupation_type_employee_222018,"Ingeniero Mecanico, Motores/Locomotoras A Vapor",222018,True,True,False,
occupation_type_employee_222019,"Ingeniero Mecanico, De Fluidos",222019,True,True,False,
occupation_type_employee_222020,"Ingeniero Mecanico, Turbinas De Gas",222020,True,True,False,
occupation_type_employee_222021,"Ingeniero, Calefaccion, Ventilacion Y Refrigeracion",222021,True,True,False,
occupation_type_employee_222022,"Ingeniero, Climatizacion",222022,True,True,False,
occupation_type_employee_222023,"Ingeniero, Construccion Aeronautica",222023,True,True,False,
occupation_type_employee_222024,"Ingeniero, Construccion De Automoviles",222024,True,True,False,
occupation_type_employee_222025,"Ingeniero, Construccion Naval",222025,True,True,False,
occupation_type_employee_222026,"Ingeniero, Frio Industrial",222026,True,True,False,
occupation_type_employee_222027,"Ingeniero, Maquinaria Y Herramientas Industriales",222027,True,True,False,
occupation_type_employee_223001,Ingeniero Bioquimico Industrial,223001,True,True,False,
occupation_type_employee_223002,Ingeniero Quimico En Industria Quimica,223002,True,True,False,
occupation_type_employee_223003,"Ingeniero Quimico, Alimentos Y Bebidas",223003,True,True,False,
occupation_type_employee_223004,"Ingeniero Quimico, Antibioticos",223004,True,True,False,
occupation_type_employee_223005,"Ingeniero Quimico, Explosivos",223005,True,True,False,
occupation_type_employee_223006,"Ingeniero Quimico, Carburantes/Refineria De Petroleo",223006,True,True,False,
occupation_type_employee_223007,"Ingeniero Quimico, Caucho",223007,True,True,False,
occupation_type_employee_223008,"Ingeniero Quimico, Colores Y Pinturas",223008,True,True,False,
occupation_type_employee_223009,"Ingeniero Quimico, Fabricacion",223009,True,True,False,
occupation_type_employee_223010,"Ingeniero Quimico, Fibras Textiles (Ing. Textil)",223010,True,True,False,
occupation_type_employee_223011,"Ingeniero Quimico, Gas/Produccion Y Distribucion",223011,True,True,False,
occupation_type_employee_223012,"Ingeniero Quimico, Material Plastico",223012,True,True,False,
occupation_type_employee_223013,"Ingeniero Quimico, Papel",223013,True,True,False,
occupation_type_employee_223014,"Ingeniero Quimico, Perfumista",223014,True,True,False,
occupation_type_employee_223015,"Ingeniero Quimico, Petroleo Y Gas Natural",223015,True,True,False,
occupation_type_employee_223016,"Ingeniero Quimico, Tecnologia De Los Combustibles",223016,True,True,False,
occupation_type_employee_223017,"Ingeniero Quimico, Otros",223017,True,True,False,
occupation_type_employee_223018,"Ingeniero, Petroquimico",223018,True,True,False,
occupation_type_employee_224001,Ingeniero Metalurgico,224001,True,True,False,
occupation_type_employee_224002,"Ingeniero Metalurgico, Minerales Radiactivos Y Fundicion",224002,True,True,False,
occupation_type_employee_224003,"Ingeniero Metalurgico, Produccion Y Afino/Metales",224003,True,True,False,
occupation_type_employee_224004,"Ingeniero Metalurgico, Tratamiento De Los Metales",224004,True,True,False,
occupation_type_employee_224005,"Ingeniero, Metalurgico/Otros",224005,True,True,False,
occupation_type_employee_225001,"Ingeniero, Minas",225001,True,True,False,
occupation_type_employee_225002,"Ingeniero, Minas/Carbon",225002,True,True,False,
occupation_type_employee_225003,"Ingeniero, Minas/Minerales Metalicos",225003,True,True,False,
occupation_type_employee_225004,"Ingeniero, Minas/Minerales No Metalicos",225004,True,True,False,
occupation_type_employee_225005,"Ingeniero, Minas/Petroleo Y Gas Natural",225005,True,True,False,
occupation_type_employee_225006,"Ingeniero, Perforacion/Pozos De Petroleo Y De Gas",225006,True,True,False,
occupation_type_employee_225007,"Ingeniero, Siderurgico",225007,True,True,False,
occupation_type_employee_225008,"Ingeniero De Minas, Otros",225008,True,True,False,
occupation_type_employee_226001,Agrimensor,226001,True,True,False,
occupation_type_employee_226002,"Agrimensor, Aerofotografo",226002,True,True,False,
occupation_type_employee_226003,"Agrimensor, Marina",226003,True,True,False,
occupation_type_employee_226004,"Agrimensor, Geodesico",226004,True,True,False,
occupation_type_employee_226005,"Agrimensor, Hidrografico",226005,True,True,False,
occupation_type_employee_226006,"Agrimensor, Minas",226006,True,True,False,
occupation_type_employee_226007,"Agrimensor, Topografia",226007,True,True,False,
occupation_type_employee_226008,"Agrimensor, Topografia Aerea",226008,True,True,False,
occupation_type_employee_226009,Cartografo,226009,True,True,False,
occupation_type_employee_226010,"Cartografo, Marina",226010,True,True,False,
occupation_type_employee_226011,Fotogrametrista Y Aerofotogrametista,226011,True,True,False,
occupation_type_employee_226012,"Topografo, Fotogeometria",226012,True,True,False,
occupation_type_employee_226013,"Topografo, Hidrografico",226013,True,True,False,
occupation_type_employee_226014,"Topografo, (Suelos)",226014,True,True,False,
occupation_type_employee_227001,"Ingeniero, Administrativo",227001,True,True,False,
occupation_type_employee_227002,"Ingeniero, Sistemas/Excepto Informaticos",227002,True,True,False,
occupation_type_employee_227003,"Creador, Sistemas/Excepto Informaticos",227003,True,True,False,
occupation_type_employee_227004,"Ingeniero Consultor, Organizacion Industrial",227004,True,True,False,
occupation_type_employee_227005,Ingeniero Industrial,227005,True,True,False,
occupation_type_employee_227006,"Ingeniero Industrial, Higiene Y Seguridad Industrial",227006,True,True,False,
occupation_type_employee_227007,"Ingeniero, Organizacion De Estudio De Tiempos Y Movimientos",227007,True,True,False,
occupation_type_employee_227008,"Ingeniero, Organizacion Industrial",227008,True,True,False,
occupation_type_employee_227009,"Ingeniero, Organizacion Y Metodos",227009,True,True,False,
occupation_type_employee_227010,"Ingeniero, Organizacion Calculo De Costos",227010,True,True,False,
occupation_type_employee_227011,"Ingeniero, Organizacion Y Planificacion De Empresas",227011,True,True,False,
occupation_type_employee_228001,Ingeniero Pesquero,228001,True,True,False,
occupation_type_employee_229001,"Ingeniero, Cuero Y Calzado",229001,True,True,False,
occupation_type_employee_229002,"Ingeniero, Ceramica Y Vidrios",229002,True,True,False,
occupation_type_employee_229003,"Ingeniero, Control De Calidad",229003,True,True,False,
occupation_type_employee_229004,"Ingeniero, Industrias Alimentarias",229004,True,True,False,
occupation_type_employee_229005,"Ingeniero, Industrias De Papel",229005,True,True,False,
occupation_type_employee_229006,"Ingeniero, Medio Ambiente",229006,True,True,False,
occupation_type_employee_229007,"Ingeniero, Produccion",229007,True,True,False,
occupation_type_employee_229008,"Ingeniero, Planificador De Trafico",229008,True,True,False,
occupation_type_employee_229009,"Ingeniero, Topografo",229009,True,True,False,
occupation_type_employee_229010,"Ingeniero, De Vuelo",229010,True,True,False,
occupation_type_employee_229011,Ingeniero (No Clasificado En Otras Clasificaciones),229011,True,True,False,
occupation_type_employee_231001,Bacteriologo,231001,True,True,False,
occupation_type_employee_231002,"Bacteriologo, Agricultura",231002,True,True,False,
occupation_type_employee_231003,"Bacteriologo, Alimentacion",231003,True,True,False,
occupation_type_employee_231004,"Bacteriologo, Farmacia",231004,True,True,False,
occupation_type_employee_231005,"Bacteriologo, Industria",231005,True,True,False,
occupation_type_employee_231006,"Bacteriologo, Industria, Lacteas",231006,True,True,False,
occupation_type_employee_231007,"Bacteriologo, Medicina",231007,True,True,False,
occupation_type_employee_231008,"Bacteriologo, Medicina/Veterinaria",231008,True,True,False,
occupation_type_employee_231009,"Bacteriologo, Pesca",231009,True,True,False,
occupation_type_employee_231010,"Bacteriologo, Suelos",231010,True,True,False,
occupation_type_employee_231011,Biologo,231011,True,True,False,
occupation_type_employee_231012,Biologo Molecular,231012,True,True,False,
occupation_type_employee_231013,"Biologo, Fauna De Agua Dulce",231013,True,True,False,
occupation_type_employee_231014,"Biologo, Fauna Marina",231014,True,True,False,
occupation_type_employee_231015,"Biologo, Genetica",231015,True,True,False,
occupation_type_employee_231016,"Biologo, Hidrobiologia",231016,True,True,False,
occupation_type_employee_231017,Botanico,231017,True,True,False,
occupation_type_employee_231018,"Botanico, Ecologia",231018,True,True,False,
occupation_type_employee_231019,"Botanico, Economista",231019,True,True,False,
occupation_type_employee_231020,"Botanico, Genetica",231020,True,True,False,
occupation_type_employee_231021,"Botanico, Histologia",231021,True,True,False,
occupation_type_employee_231022,"Botanico, Micologia",231022,True,True,False,
occupation_type_employee_231023,"Botanico, Suelos",231023,True,True,False,
occupation_type_employee_231024,"Botanico, Taxonomia",231024,True,True,False,
occupation_type_employee_231025,Citologo,231025,True,True,False,
occupation_type_employee_231026,"Citologo, Botanica",231026,True,True,False,
occupation_type_employee_231027,"Citologo, Zoologia",231027,True,True,False,
occupation_type_employee_231028,Ecologista,231028,True,True,False,
occupation_type_employee_231029,"Ecologista, Botanica",231029,True,True,False,
occupation_type_employee_231030,"Ecologista, Zoologia",231030,True,True,False,
occupation_type_employee_231031,Embriologo,231031,True,True,False,
occupation_type_employee_231032,Entomologo,231032,True,True,False,
occupation_type_employee_231033,Genetista,231033,True,True,False,
occupation_type_employee_231034,"Genetista, Botanica",231034,True,True,False,
occupation_type_employee_231035,"Genetista, Zoologo",231035,True,True,False,
occupation_type_employee_231036,Hidrobiologo,231036,True,True,False,
occupation_type_employee_231037,Histologo,231037,True,True,False,
occupation_type_employee_231038,"Histologo, Animales",231038,True,True,False,
occupation_type_employee_231039,"Histologo, Plantas",231039,True,True,False,
occupation_type_employee_231040,Ictiologo,231040,True,True,False,
occupation_type_employee_231041,Micologo,231041,True,True,False,
occupation_type_employee_231042,Microbiologo,231042,True,True,False,
occupation_type_employee_231043,Ornitologo,231043,True,True,False,
occupation_type_employee_231044,Parasitologo,231044,True,True,False,
occupation_type_employee_231045,Piscicultor De Las Ciencias Biologicas,231045,True,True,False,
occupation_type_employee_231046,Taxonomista,231046,True,True,False,
occupation_type_employee_231047,"Taxonomista, Animales",231047,True,True,False,
occupation_type_employee_231048,"Taxonomista, Plantas",231048,True,True,False,
occupation_type_employee_231049,Zoologo,231049,True,True,False,
occupation_type_employee_231050,"Zoologo, Embriologia",231050,True,True,False,
occupation_type_employee_231051,"Zoologo, Entomologia",231051,True,True,False,
occupation_type_employee_231052,"Zoologo, Histologia",231052,True,True,False,
occupation_type_employee_231053,"Zoologo, Ictiologia",231053,True,True,False,
occupation_type_employee_231054,"Zoologo, Mamalogista",231054,True,True,False,
occupation_type_employee_231055,"Zoologo, Ornitologia",231055,True,True,False,
occupation_type_employee_231056,"Zoologo, Parasitologia",231056,True,True,False,
occupation_type_employee_231057,"Zoologo, Piscicultura",231057,True,True,False,
occupation_type_employee_231058,"Zoologo, Taxonomia",231058,True,True,False,
occupation_type_employee_232001,Anatomista,232001,True,True,False,
occupation_type_employee_232002,Biofisico,232002,True,True,False,
occupation_type_employee_232003,Bioquimico,232003,True,True,False,
occupation_type_employee_232004,Epidemiologo,232004,True,True,False,
occupation_type_employee_232005,Farmacologo,232005,True,True,False,
occupation_type_employee_232006,Fisiologo,232006,True,True,False,
occupation_type_employee_232007,"Fisiologo, Animales",232007,True,True,False,
occupation_type_employee_232008,"Fisiologo, Endocrinologia",232008,True,True,False,
occupation_type_employee_232009,"Fisiologo, Epidemiologia",232009,True,True,False,
occupation_type_employee_232010,"Fisiologo, Otros",232010,True,True,False,
occupation_type_employee_232011,Histopatologo,232011,True,True,False,
occupation_type_employee_232012,Neuropatologo,232012,True,True,False,
occupation_type_employee_233001,Bromatologos,233001,True,True,False,
occupation_type_employee_233002,Dietistas-Nutricionistas,233002,True,True,False,
occupation_type_employee_234001,Agrologo,234001,True,True,False,
occupation_type_employee_234002,Agronomo,234002,True,True,False,
occupation_type_employee_234003,"Agronomo, Arboricultor",234003,True,True,False,
occupation_type_employee_234004,"Agronomo, Conservacion De La Naturaleza",234004,True,True,False,
occupation_type_employee_234005,"Agronomo, Ecologo",234005,True,True,False,
occupation_type_employee_234006,"Agronomo, Edafologia",234006,True,True,False,
occupation_type_employee_234007,"Agronomo, Floricultor",234007,True,True,False,
occupation_type_employee_234008,"Agronomo, Horticultura",234008,True,True,False,
occupation_type_employee_234009,"Agronomo, Oleicultor",234009,True,True,False,
occupation_type_employee_234010,"Agronomo, Silvicultura",234010,True,True,False,
occupation_type_employee_234011,Ingeniero Agroindustrial,234011,True,True,False,
occupation_type_employee_234012,Ingeniero Agronomo,234012,True,True,False,
occupation_type_employee_234013,Ingeniero Edafologo,234013,True,True,False,
occupation_type_employee_234014,Ingeniero Forestal,234014,True,True,False,
occupation_type_employee_234015,Zootecnico (Incluye Ingenieros),234015,True,True,False,
occupation_type_employee_235001,Alienista,235001,True,True,False,
occupation_type_employee_235002,Alopata,235002,True,True,False,
occupation_type_employee_235003,Anestesista,235003,True,True,False,
occupation_type_employee_235004,Cardiologo,235004,True,True,False,
occupation_type_employee_235005,Cirujano,235005,True,True,False,
occupation_type_employee_235006,"Cirujano, Cardiologia",235006,True,True,False,
occupation_type_employee_235007,"Cirujano, Cirugia General",235007,True,True,False,
occupation_type_employee_235008,"Cirujano, Cirugia Plastica",235008,True,True,False,
occupation_type_employee_235009,"Cirujano, Neurocirugia",235009,True,True,False,
occupation_type_employee_235010,"Cirujano, Ortopedia",235010,True,True,False,
occupation_type_employee_235011,"Cirujano, Osteopata",235011,True,True,False,
occupation_type_employee_235012,Cirujano Plastico,235012,True,True,False,
occupation_type_employee_235013,"Cirujano, Torax",235013,True,True,False,
occupation_type_employee_235014,Dermatologo,235014,True,True,False,
occupation_type_employee_235015,Ginecologo,235015,True,True,False,
occupation_type_employee_235016,Medico,235016,True,True,False,
occupation_type_employee_235017,"Medico, Acupuntura",235017,True,True,False,
occupation_type_employee_235018,"Medico, Anestesia",235018,True,True,False,
occupation_type_employee_235019,"Medico, Cardiologia",235019,True,True,False,
occupation_type_employee_235020,"Medico, Dermatologia",235020,True,True,False,
occupation_type_employee_235021,"Medico, Endocrinologo",235021,True,True,False,
occupation_type_employee_235022,"Medico, Estomatologia",235022,True,True,False,
occupation_type_employee_235023,Medico Forense,235023,True,True,False,
occupation_type_employee_235024,"Medico, Gastroenterologo",235024,True,True,False,
occupation_type_employee_235025,"Medico, Geriatra",235025,True,True,False,
occupation_type_employee_235026,"Medico, Ginecologia",235026,True,True,False,
occupation_type_employee_235027,"Medico, Laringologo",235027,True,True,False,
occupation_type_employee_235028,"Medico, Medicina General",235028,True,True,False,
occupation_type_employee_235029,"Medico, Nefrologo",235029,True,True,False,
occupation_type_employee_235030,"Medico, Neumologo",235030,True,True,False,
occupation_type_employee_235031,"Medico, Neurologo",235031,True,True,False,
occupation_type_employee_235032,"Medico, Obstetra/Obstetrices",235032,True,True,False,
occupation_type_employee_235033,"Medico, Oftalmologia (Oculista)",235033,True,True,False,
occupation_type_employee_235034,"Medico, Osteopatia",235034,True,True,False,
occupation_type_employee_235035,"Medico, Otorrinolaringologia",235035,True,True,False,
occupation_type_employee_235036,"Medico, Patologo",235036,True,True,False,
occupation_type_employee_235037,"Medico, Pediatria",235037,True,True,False,
occupation_type_employee_235038,"Medico, Psiquiatria",235038,True,True,False,
occupation_type_employee_235039,"Medico, Puericultor",235039,True,True,False,
occupation_type_employee_235040,"Medico, Radiologia",235040,True,True,False,
occupation_type_employee_235041,"Medico, Urologo",235041,True,True,False,
occupation_type_employee_235042,"Medico, Venereologo",235042,True,True,False,
occupation_type_employee_235043,Neurocirujano,235043,True,True,False,
occupation_type_employee_235044,Oftalmologo,235044,True,True,False,
occupation_type_employee_235045,"Ortofonia, Especialista",235045,True,True,False,
occupation_type_employee_235046,"Ortoptia, Especialista",235046,True,True,False,
occupation_type_employee_235047,Otorrinolaringologo,235047,True,True,False,
occupation_type_employee_235048,Pediatra,235048,True,True,False,
occupation_type_employee_235049,Psiquiatra,235049,True,True,False,
occupation_type_employee_236001,"Cirujano, Bucodental",236001,True,True,False,
occupation_type_employee_236002,"Cirujano, Dentista",236002,True,True,False,
occupation_type_employee_236003,Dentista,236003,True,True,False,
occupation_type_employee_236004,"Dentista, Protesis Dentales",236004,True,True,False,
occupation_type_employee_236005,"Medico, Odontologo",236005,True,True,False,
occupation_type_employee_236006,Odontologo,236006,True,True,False,
occupation_type_employee_236007,"Odontologo, Endodoncia",236007,True,True,False,
occupation_type_employee_236008,"Odontologo, Ortodoncia",236008,True,True,False,
occupation_type_employee_236009,"Odontologo, Pedodoncia",236009,True,True,False,
occupation_type_employee_236010,"Odontologo, Periodoncia",236010,True,True,False,
occupation_type_employee_237001,Veterinario,237001,True,True,False,
occupation_type_employee_237002,"Veterinario, Cirugia",237002,True,True,False,
occupation_type_employee_237003,"Veterinario, Epidemiologia",237003,True,True,False,
occupation_type_employee_237004,"Veterinario, Salud Publica, Profesional",237004,True,True,False,
occupation_type_employee_237005,"Veterinario, Otros",237005,True,True,False,
occupation_type_employee_238001,Farmaceutico,238001,True,True,False,
occupation_type_employee_238002,"Farmaceutico, Comercio",238002,True,True,False,
occupation_type_employee_238003,"Farmaceutico, Hospital",238003,True,True,False,
occupation_type_employee_238004,Quimico-Farmaceutico,238004,True,True,False,
occupation_type_employee_239001,"Enfermera, Tecnico",239001,True,True,False,
occupation_type_employee_239002,"Enfermera, Tecmico",239002,True,True,False,
occupation_type_employee_239003,"Enfermera, Nivel Superior/Clinica",239003,True,True,False,
occupation_type_employee_239004,"Enfermera, Nivel Superior/Consultorio",239004,True,True,False,
occupation_type_employee_239005,"Enfermera, Nivel Superior/Hospital",239005,True,True,False,
occupation_type_employee_239006,"Enfermera, Nivel Superior/Maternidad",239006,True,True,False,
occupation_type_employee_239007,"Enfermera, Nivel Superior/Obstetricia",239007,True,True,False,
occupation_type_employee_239008,"Enfermero, Nivel Superior (Diplomados)",239008,True,True,False,
occupation_type_employee_239009,"Enfermero, Nivel Superior",239009,True,True,False,
occupation_type_employee_239010,"Enfermero, Nivel Superior/Clinica",239010,True,True,False,
occupation_type_employee_239011,"Enfermero, Nivel Superior/Hospital",239011,True,True,False,
occupation_type_employee_241001,"Profesor, Educacion Superior",241001,True,True,False,
occupation_type_employee_241002,"Profesor, Educacion Superior/Administracion",241002,True,True,False,
occupation_type_employee_241003,"Profesor, Educacion Superior/Agricultura",241003,True,True,False,
occupation_type_employee_241004,"Profesor, Educacion Superior/Agronomia",241004,True,True,False,
occupation_type_employee_241005,"Profesor, Educacion Superior/Anatomia",241005,True,True,False,
occupation_type_employee_241006,"Profesor, Educacion Superior/Antropologia",241006,True,True,False,
occupation_type_employee_241007,"Profesor, Educacion Superior/Arqueologia",241007,True,True,False,
occupation_type_employee_241008,"Profesor, Educacion Superior/Arquitectura",241008,True,True,False,
occupation_type_employee_241009,"Profesor, Educacion Superior/Arte Dramatico",241009,True,True,False,
occupation_type_employee_241010,"Profesor, Educacion Superior/Artes Industriales",241010,True,True,False,
occupation_type_employee_241011,"Profesor, Educacion Superior/Astronomia",241011,True,True,False,
occupation_type_employee_241012,"Profesor, Educacion Superior/Bacteriologia",241012,True,True,False,
occupation_type_employee_241013,"Profesor, Educacion Superior/Bellas Artes",241013,True,True,False,
occupation_type_employee_241014,"Profesor, Educacion Superior/Biblioteconomia",241014,True,True,False,
occupation_type_employee_241015,"Profesor, Educacion Superior/Biologia",241015,True,True,False,
occupation_type_employee_241016,"Profesor, Educacion Superior/Bioquimica",241016,True,True,False,
occupation_type_employee_241017,"Profesor, Educacion Superior/Botanica",241017,True,True,False,
occupation_type_employee_241018,"Profesor, Educacion Superior/Ciencias Agronomicas",241018,True,True,False,
occupation_type_employee_241019,"Profesor, Educacion Superior/Ciencias Biologicas",241019,True,True,False,
occupation_type_employee_241020,"Profesor, Educacion Superior/Ciencias Economicas",241020,True,True,False,
occupation_type_employee_241021,"Profesor, Educacion Superior/Ciencias Fisicas Y Quimicas",241021,True,True,False,
occupation_type_employee_241022,"Profesor, Educacion Superior/Ciencias Forenses",241022,True,True,False,
occupation_type_employee_241023,"Profesor, Educacion Superior/Ciencias Matematicas",241023,True,True,False,
occupation_type_employee_241024,"Profesor, Educacion Superior/Ciencias Mecanicas",241024,True,True,False,
occupation_type_employee_241025,"Profesor, Educacion Superior/Ciencias Medicas",241025,True,True,False,
occupation_type_employee_241026,"Profesor, Educacion Superior/Ciencias Militares",241026,True,True,False,
occupation_type_employee_241027,"Profesor, Educacion Superior/Ciencias Politicas",241027,True,True,False,
occupation_type_employee_241028,"Profesor, Educacion Superior/Ciencias Sociales",241028,True,True,False,
occupation_type_employee_241029,"Profesor, Educacion Superior/Ciencias Tecnicas",241029,True,True,False,
occupation_type_employee_241030,"Profesor, Educacion Superior/Ciencias Tecnicas (Electricida",241030,True,True,False,
occupation_type_employee_241031,"Profesor, Educacion Superior/Ciencias Tecnicas (Electronica",241031,True,True,False,
occupation_type_employee_241032,"Profesor, Educacion Superior/Ciencias Tecnicas (Ingenieria",241032,True,True,False,
occupation_type_employee_241033,"Profesor, Educacion Superior/Ciencias Tecnicas (Quimica)",241033,True,True,False,
occupation_type_employee_241034,"Profesor, Educacion Superior/Ciencias Tecnicas (Tecnologia",241034,True,True,False,
occupation_type_employee_241035,"Profesor, Educacion Superior/Ciencias Tecnicas (Tecnologia)",241035,True,True,False,
occupation_type_employee_241036,"Profesor, Educacion Superior/Ciencias Tecnicas (Telecomunic",241036,True,True,False,
occupation_type_employee_241037,"Profesor, Educacion Superior/Comercializacion",241037,True,True,False,
occupation_type_employee_241038,"Profesor, Educacion Superior/Conservatorio",241038,True,True,False,
occupation_type_employee_241039,"Profesor, Educacion Superior/Contabilidad",241039,True,True,False,
occupation_type_employee_241040,"Profesor, Educacion Superior/Cooperativismo",241040,True,True,False,
occupation_type_employee_241041,"Profesor, Educacion Superior/Cria De Ganado",241041,True,True,False,
occupation_type_employee_241042,"Profesor, Educacion Superior/Demografia",241042,True,True,False,
occupation_type_employee_241043,"Profesor, Educacion Superior/Derecho",241043,True,True,False,
occupation_type_employee_241044,"Profesor, Educacion Superior/Dibujo Industrial",241044,True,True,False,
occupation_type_employee_241045,"Profesor, Educacion Superior/Dietetica",241045,True,True,False,
occupation_type_employee_241046,"Profesor, Educacion Superior/Economia",241046,True,True,False,
occupation_type_employee_241047,"Profesor, Educacion Superior/Economia Domestica",241047,True,True,False,
occupation_type_employee_241048,"Profesor, Educacion Superior/Economia Y Comercio",241048,True,True,False,
occupation_type_employee_241049,"Profesor, Educacion Superior/Educacion Fisica",241049,True,True,False,
occupation_type_employee_241050,"Profesor, Educacion Superior/Elaboracion De Alimentos",241050,True,True,False,
occupation_type_employee_241051,"Profesor, Educacion Superior/Enfermeria",241051,True,True,False,
occupation_type_employee_241052,"Profesor, Educacion Superior/Entomologia",241052,True,True,False,
occupation_type_employee_241053,"Profesor, Educacion Superior/Ergoterapia",241053,True,True,False,
occupation_type_employee_241054,"Profesor, Educacion Superior/Escuela De Policia",241054,True,True,False,
occupation_type_employee_241055,"Profesor, Educacion Superior/Escultura",241055,True,True,False,
occupation_type_employee_241056,"Profesor, Educacion Superior/Especializado En Coop.Agraria,",241056,True,True,False,
occupation_type_employee_241057,"Profesor, Educacion Superior/Estadistica",241057,True,True,False,
occupation_type_employee_241058,"Profesor, Educacion Superior/Estudios Comerciales",241058,True,True,False,
occupation_type_employee_241059,"Profesor, Educacion Superior/Estudios Internacionales",241059,True,True,False,
occupation_type_employee_241060,"Profesor, Educacion Superior/Farmacia",241060,True,True,False,
occupation_type_employee_241061,"Profesor, Educacion Superior/Farmacologia",241061,True,True,False,
occupation_type_employee_241062,"Profesor, Educacion Superior/Filologia",241062,True,True,False,
occupation_type_employee_241063,"Profesor, Educacion Superior/Filosofia",241063,True,True,False,
occupation_type_employee_241064,"Profesor, Educacion Superior/Finanzas",241064,True,True,False,
occupation_type_employee_241065,"Profesor, Educacion Superior/Fisica",241065,True,True,False,
occupation_type_employee_241066,"Profesor, Educacion Superior/Fisioterapia",241066,True,True,False,
occupation_type_employee_241067,"Profesor, Educacion Superior/Geodesia",241067,True,True,False,
occupation_type_employee_241068,"Profesor, Educacion Superior/Geofisica",241068,True,True,False,
occupation_type_employee_241069,"Profesor, Educacion Superior/Geografia",241069,True,True,False,
occupation_type_employee_241070,"Profesor, Educacion Superior/Geologia",241070,True,True,False,
occupation_type_employee_241071,"Profesor, Educacion Superior/Historia",241071,True,True,False,
occupation_type_employee_241072,"Profesor, Educacion Superior/Historia Del Arte",241072,True,True,False,
occupation_type_employee_241073,"Profesor, Educacion Superior/Horticultura",241073,True,True,False,
occupation_type_employee_241074,"Profesor, Educacion Superior/Idiomas Y Linguistica",241074,True,True,False,
occupation_type_employee_241075,"Profesor, Educacion Superior/Informatica",241075,True,True,False,
occupation_type_employee_241076,"Profesor, Educacion Superior/Ingenieria Y Arquitectura",241076,True,True,False,
occupation_type_employee_241077,"Profesor, Educacion Superior/Lengua Y Literatura",241077,True,True,False,
occupation_type_employee_241078,"Profesor, Educacion Superior/Letras",241078,True,True,False,
occupation_type_employee_241079,"Profesor, Educacion Superior/Linguistica",241079,True,True,False,
occupation_type_employee_241080,"Profesor, Educacion Superior/Literatura",241080,True,True,False,
occupation_type_employee_241081,"Profesor, Educacion Superior/Matematicas",241081,True,True,False,
occupation_type_employee_241082,"Profesor, Educacion Superior/Medicina",241082,True,True,False,
occupation_type_employee_241083,"Profesor, Educacion Superior/Medicina Forense",241083,True,True,False,
occupation_type_employee_241084,"Profesor, Educacion Superior/Medicina Veterinaria",241084,True,True,False,
occupation_type_employee_241085,"Profesor, Educacion Superior/Metalurgia",241085,True,True,False,
occupation_type_employee_241086,"Profesor, Educacion Superior/Meteorologia",241086,True,True,False,
occupation_type_employee_241087,"Profesor, Educacion Superior/Metodos De Venta",241087,True,True,False,
occupation_type_employee_241088,"Profesor, Educacion Superior/Mineria",241088,True,True,False,
occupation_type_employee_241089,"Profesor, Educacion Superior/Musica",241089,True,True,False,
occupation_type_employee_241090,"Profesor, Educacion Superior/Navegacion Aerea",241090,True,True,False,
occupation_type_employee_241091,"Profesor, Educacion Superior/Navegacion Maritima",241091,True,True,False,
occupation_type_employee_241092,"Profesor, Educacion Superior/Observacion Meteorologica",241092,True,True,False,
occupation_type_employee_241093,"Profesor, Educacion Superior/Obstetricia",241093,True,True,False,
occupation_type_employee_241094,"Profesor, Educacion Superior/Odontologia",241094,True,True,False,
occupation_type_employee_241095,"Profesor, Educacion Superior/Optometria",241095,True,True,False,
occupation_type_employee_241096,"Profesor, Educacion Superior/Osteopatia",241096,True,True,False,
occupation_type_employee_241097,"Profesor, Educacion Superior/Patologia",241097,True,True,False,
occupation_type_employee_241098,"Profesor, Educacion Superior/Pedagogia",241098,True,True,False,
occupation_type_employee_241099,"Profesor, Educacion Superior/Periodismo",241099,True,True,False,
occupation_type_employee_241100,"Profesor, Educacion Superior/Pesca",241100,True,True,False,
occupation_type_employee_241101,"Profesor, Educacion Superior/Pintura Artistica",241101,True,True,False,
occupation_type_employee_241102,"Profesor, Educacion Superior/Planificacion Familiar",241102,True,True,False,
occupation_type_employee_241103,"Profesor, Educacion Superior/Planificacion Industrial",241103,True,True,False,
occupation_type_employee_241104,"Profesor, Educacion Superior/Prehistoria",241104,True,True,False,
occupation_type_employee_241105,"Profesor, Educacion Superior/Programa De Urbanismo",241105,True,True,False,
occupation_type_employee_241106,"Profesor, Educacion Superior/Programacion De Computadoras",241106,True,True,False,
occupation_type_employee_241107,"Profesor, Educacion Superior/Psicologia",241107,True,True,False,
occupation_type_employee_241108,"Profesor, Educacion Superior/Publicidad E Informacion Publi",241108,True,True,False,
occupation_type_employee_241109,"Profesor, Educacion Superior/Quimica",241109,True,True,False,
occupation_type_employee_241110,"Profesor, Educacion Superior/Quiropractica",241110,True,True,False,
occupation_type_employee_241111,"Profesor, Educacion Superior/Radiologia",241111,True,True,False,
occupation_type_employee_241112,"Profesor, Educacion Superior/Relaciones Publicas",241112,True,True,False,
occupation_type_employee_241113,"Profesor, Educacion Superior/Servicios De Telecomunicacione",241113,True,True,False,
occupation_type_employee_241114,"Profesor, Educacion Superior/Silvicultura",241114,True,True,False,
occupation_type_employee_241115,"Profesor, Educacion Superior/Sociologia",241115,True,True,False,
occupation_type_employee_241116,"Profesor, Educacion Superior/Teologia",241116,True,True,False,
occupation_type_employee_241117,"Profesor, Educacion Superior/Teoria Y Practica Bancaria",241117,True,True,False,
occupation_type_employee_241118,"Profesor, Educacion Superior/Terapeutica Paramedica",241118,True,True,False,
occupation_type_employee_241119,"Profesor, Educacion Superior/Tratamientos Medicos",241119,True,True,False,
occupation_type_employee_241120,"Profesor, Educacion Superior/Turismo (Escuela De Turismo)",241120,True,True,False,
occupation_type_employee_241121,"Profesor, Educacion Superior/Zoologia",241121,True,True,False,
occupation_type_employee_241122,"Profesor, Universidad, Otros",241122,True,True,False,
occupation_type_employee_242001,"Profesor, Educacion Secundaria",242001,True,True,False,
occupation_type_employee_242002,"Profesor, Educacion Secundaria/Agricultura",242002,True,True,False,
occupation_type_employee_242003,"Profesor, Educacion Secundaria/Alfabetizacion De Adultos",242003,True,True,False,
occupation_type_employee_242004,"Profesor, Educacion Secundaria/Artes Manuales",242004,True,True,False,
occupation_type_employee_242005,"Profesor, Educacion Secundaria/Arte-Oficios",242005,True,True,False,
occupation_type_employee_242006,"Profesor, Educacion Secundaria/Artesania",242006,True,True,False,
occupation_type_employee_242007,"Profesor, Educacion Secundaria/Bellas Artes",242007,True,True,False,
occupation_type_employee_242008,"Profesor, Educacion Secundaria/Biologia",242008,True,True,False,
occupation_type_employee_242009,"Profesor, Educacion Secundaria/Botanica",242009,True,True,False,
occupation_type_employee_242010,"Profesor, Educacion Secundaria/Ciencias Naturales",242010,True,True,False,
occupation_type_employee_242011,"Profesor, Educacion Secundaria/Ciencias Sociales",242011,True,True,False,
occupation_type_employee_242012,"Profesor, Educacion Secundaria/Comercio Y Secretariado",242012,True,True,False,
occupation_type_employee_242013,"Profesor, Educacion Secundaria/Contabilidad Mercantil",242013,True,True,False,
occupation_type_employee_242014,"Profesor, Educacion Secundaria/Costura",242014,True,True,False,
occupation_type_employee_242015,"Profesor, Educacion Secundaria/Dibujo Tecnico",242015,True,True,False,
occupation_type_employee_242016,"Profesor, Educacion Secundaria/Ebanisteria",242016,True,True,False,
occupation_type_employee_242017,"Profesor, Educacion Secundaria/Economia Domestica",242017,True,True,False,
occupation_type_employee_242018,"Profesor, Educacion Secundaria/Educacion Civica",242018,True,True,False,
occupation_type_employee_242019,"Profesor, Educacion Secundaria/Educacion Fisica",242019,True,True,False,
occupation_type_employee_242020,"Profesor, Educacion Secundaria/Enfermeria Basica",242020,True,True,False,
occupation_type_employee_242021,"Profesor, Educacion Secundaria/Filosofia",242021,True,True,False,
occupation_type_employee_242022,"Profesor, Educacion Secundaria/Fisica",242022,True,True,False,
occupation_type_employee_242023,"Profesor, Educacion Secundaria/Formacion Profesional",242023,True,True,False,
occupation_type_employee_242024,"Profesor, Educacion Secundaria/Geografia",242024,True,True,False,
occupation_type_employee_242025,"Profesor, Educacion Secundaria/Geologia",242025,True,True,False,
occupation_type_employee_242026,"Profesor, Educacion Secundaria/Historia",242026,True,True,False,
occupation_type_employee_242027,"Profesor, Educacion Secundaria/Historia Del Arte",242027,True,True,False,
occupation_type_employee_242028,"Profesor, Educacion Secundaria/Labores",242028,True,True,False,
occupation_type_employee_242029,"Profesor, Educacion Secundaria/Labra (Metales)",242029,True,True,False,
occupation_type_employee_242030,"Profesor, Educacion Secundaria/Lengua Y Literatura",242030,True,True,False,
occupation_type_employee_242031,"Profesor, Educacion Secundaria/Literatura",242031,True,True,False,
occupation_type_employee_242032,"Profesor, Enseñanza Secundaria/Matematicas",242032,True,True,False,
occupation_type_employee_242033,"Profesor, Educacion Secundaria/Mecanica",242033,True,True,False,
occupation_type_employee_242034,"Profesor, Educacion Secundaria/Mecanografia",242034,True,True,False,
occupation_type_employee_242035,"Profesor, Educacion Secundaria/Musica",242035,True,True,False,
occupation_type_employee_242036,"Profesor, Educacion Secundaria/Pedagogia",242036,True,True,False,
occupation_type_employee_242037,"Profesor, Educacion Secundaria/Programacion De Computadoras",242037,True,True,False,
occupation_type_employee_242038,"Profesor, Educacion Secundaria/Quimica",242038,True,True,False,
occupation_type_employee_242039,"Profesor, Educacion Secundaria/Religion",242039,True,True,False,
occupation_type_employee_242040,"Profesor, Educacion Secundaria/Secretariado",242040,True,True,False,
occupation_type_employee_242041,"Profesor, Educacion Secundaria/Sociologia",242041,True,True,False,
occupation_type_employee_242042,"Profesor, Educacion Secundaria/Talla (Madera)",242042,True,True,False,
occupation_type_employee_242043,"Profesor, Educacion Secundaria/Taquigrafia",242043,True,True,False,
occupation_type_employee_242044,"Profesor, Educacion Secundaria/Tecnica",242044,True,True,False,
occupation_type_employee_242045,"Profesor, Educacion Secundaria/Tecnologica",242045,True,True,False,
occupation_type_employee_242046,"Profesor, Educacion Secundaria/Zoologia",242046,True,True,False,
occupation_type_employee_242047,"Profesor, Educacion Secundaria/Otros",242047,True,True,False,
occupation_type_employee_243001,Maestro De Enseñanza Primaria,243001,True,True,False,
occupation_type_employee_243002,Maestro De Escuela,243002,True,True,False,
occupation_type_employee_243003,Normalista,243003,True,True,False,
occupation_type_employee_243004,Profesor De Enseñanza Primaria,243004,True,True,False,
occupation_type_employee_244001,Profesor(A) De Escuela Maternal O Cuna (Guarderia),244001,True,True,False,
occupation_type_employee_244002,Profesor(A) De Jardin De Infancia,244002,True,True,False,
occupation_type_employee_244003,Profesor(A) De Parvulos,244003,True,True,False,
occupation_type_employee_244004,Profesor De Educacion Inicial (Pre-Escolar),244004,True,True,False,
occupation_type_employee_245001,Profesor De Alumnos Fisicamente Deficientes,245001,True,True,False,
occupation_type_employee_245002,Profesor De Alumnos Mentalmente Deficientes,245002,True,True,False,
occupation_type_employee_245003,Profesor De Ciegos,245003,True,True,False,
occupation_type_employee_245004,Profesor De Mudos,245004,True,True,False,
occupation_type_employee_245005,Profesor De Niños Excepcionales,245005,True,True,False,
occupation_type_employee_245006,Profesor De Sordos,245006,True,True,False,
occupation_type_employee_246001,Profesor De Academia,246001,True,True,False,
occupation_type_employee_246002,Profesor De Cenecape,246002,True,True,False,
occupation_type_employee_246003,Profesor De Senati Y Tecsup,246003,True,True,False,
occupation_type_employee_246004,"Profesor De Talleres, Otros",246004,True,True,False,
occupation_type_employee_247001,"Asesor, Metodos De Enseñanza",247001,True,True,False,
occupation_type_employee_247002,Auxiliar De Educacion (Encargado De Curso),247002,True,True,False,
occupation_type_employee_247003,Consejero De Educacion,247003,True,True,False,
occupation_type_employee_247004,Consejero Vocacional,247004,True,True,False,
occupation_type_employee_247005,"Especialista, Enseðanza/Metodos Audiovisuales",247005,True,True,False,
occupation_type_employee_247006,"Inspector, Escuelas",247006,True,True,False,
occupation_type_employee_247007,Institutriz,247007,True,True,False,
occupation_type_employee_247008,"Instructor De Manejo De Aparatos Electricos, Electronicos,",247008,True,True,False,
occupation_type_employee_247009,Profesor Alfabetizador,247009,True,True,False,
occupation_type_employee_247010,Profesor De Baile,247010,True,True,False,
occupation_type_employee_247011,Profesor De Idiomas,247011,True,True,False,
occupation_type_employee_247012,"Profesores, Otros",247012,True,True,False,
occupation_type_employee_251001,Asesor Contable,251001,True,True,False,
occupation_type_employee_251002,Auditor,251002,True,True,False,
occupation_type_employee_251003,Contador,251003,True,True,False,
occupation_type_employee_251004,"Contador, Auditoria De Empresas",251004,True,True,False,
occupation_type_employee_251005,"Contador, Contabilidad Municipal",251005,True,True,False,
occupation_type_employee_251006,"Contador, Costos",251006,True,True,False,
occupation_type_employee_251007,"Contador, Costos Y Precios",251007,True,True,False,
occupation_type_employee_251008,"Contador, Empresa",251008,True,True,False,
occupation_type_employee_251009,"Interventor, Cuentas",251009,True,True,False,
occupation_type_employee_251010,Perito Contable,251010,True,True,False,
occupation_type_employee_252001,Administrador De Empresas,252001,True,True,False,
occupation_type_employee_252002,Especialista En Cooperativas,252002,True,True,False,
occupation_type_employee_252003,"Administradores, Otros",252003,True,True,False,
occupation_type_employee_253001,"Analista, Ocupaciones",253001,True,True,False,
occupation_type_employee_253002,"Analista, Profesiones",253002,True,True,False,
occupation_type_employee_253003,"Analista, Puestos De Trabajo",253003,True,True,False,
occupation_type_employee_253004,"Conciliador, Laboral",253004,True,True,False,
occupation_type_employee_253005,"Conciliador, Relaciones Laborales",253005,True,True,False,
occupation_type_employee_253006,"Consejero, Empleo",253006,True,True,False,
occupation_type_employee_253007,"Consejero, Orientacion Profesional",253007,True,True,False,
occupation_type_employee_253008,"Consejero, Perspectivas De Carrera",253008,True,True,False,
occupation_type_employee_253009,"Entrevistador, Colocacion",253009,True,True,False,
occupation_type_employee_253010,Especialista Cuestiones De Personal,253010,True,True,False,
occupation_type_employee_253011,"Especialista, Formacion Del Personal",253011,True,True,False,
occupation_type_employee_253012,"Especialista, Relaciones Profesionales",253012,True,True,False,
occupation_type_employee_253013,"Especialista, Seguridad En El Trabajo",253013,True,True,False,
occupation_type_employee_254001,Abogado,254001,True,True,False,
occupation_type_employee_254002,Abogado Patrocinante,254002,True,True,False,
occupation_type_employee_254003,Abogado Penalista,254003,True,True,False,
occupation_type_employee_254004,"Abogado, Civil-Laboral/Derecho Privado",254004,True,True,False,
occupation_type_employee_254005,"Abogado, Criminalista/Derecho Publico (Constit.Penal, Admin",254005,True,True,False,
occupation_type_employee_254006,Apoderado,254006,True,True,False,
occupation_type_employee_254007,"Abogado, Derecho Internacional",254007,True,True,False,
occupation_type_employee_254008,Abogados Y Otros,254008,True,True,False,
occupation_type_employee_256001,Agente Fiscal,256001,True,True,False,
occupation_type_employee_257001,Notario Publico,257001,True,True,False,
occupation_type_employee_258001,"Consejero Juridico, Empresa",258001,True,True,False,
occupation_type_employee_258002,"Consejero Juridico, Impuestos",258002,True,True,False,
occupation_type_employee_259003,"Conservador, Galeria De Arte",259003,True,True,False,
occupation_type_employee_259004,"Conservador, Museo",259004,True,True,False,
occupation_type_employee_261001,Bibliotecario,261001,True,True,False,
occupation_type_employee_261002,Documentalista,261002,True,True,False,
occupation_type_employee_261003,"Documentalista, Materias Economicas",261003,True,True,False,
occupation_type_employee_261004,"Documentalista, Materias Tecnicas",261004,True,True,False,
occupation_type_employee_261005,"Especialista, Biblioteconomia",261005,True,True,False,
occupation_type_employee_262001,Econometrista,262001,True,True,False,
occupation_type_employee_262002,Economista (Ingeniero),262002,True,True,False,
occupation_type_employee_262003,"Economista, Agricultura",262003,True,True,False,
occupation_type_employee_262004,"Economista, Comercio Internacional",262004,True,True,False,
occupation_type_employee_262005,"Economista, Desarrollo",262005,True,True,False,
occupation_type_employee_262006,"Economista, Econometria",262006,True,True,False,
occupation_type_employee_262007,"Economista, Especialista En Mercadotecnia",262007,True,True,False,
occupation_type_employee_262008,"Economista, Otros",262008,True,True,False,
occupation_type_employee_262009,Planificadores,262009,True,True,False,
occupation_type_employee_263001,Antropologo,263001,True,True,False,
occupation_type_employee_263002,Arqueologo,263002,True,True,False,
occupation_type_employee_263003,Etnografo,263003,True,True,False,
occupation_type_employee_263004,Etnologo,263004,True,True,False,
occupation_type_employee_263005,Geneologista,263005,True,True,False,
occupation_type_employee_263006,Historiador,263006,True,True,False,
occupation_type_employee_263007,"Historiador, Ciencias Sociales",263007,True,True,False,
occupation_type_employee_263008,"Historiador, Historia Economica",263008,True,True,False,
occupation_type_employee_263009,"Historiador, Historia Politica",263009,True,True,False,
occupation_type_employee_263010,Politologo,263010,True,True,False,
occupation_type_employee_263011,"Sociologo, Criminologia",263011,True,True,False,
occupation_type_employee_263012,"Sociologo, Industria",263012,True,True,False,
occupation_type_employee_263013,"Sociologo, Patologia Social",263013,True,True,False,
occupation_type_employee_264001,"Geografo, Geografia Economica",264001,True,True,False,
occupation_type_employee_264002,"Geografo, Geografia Fisica",264002,True,True,False,
occupation_type_employee_264003,"Geografo, Geografia Politico",264003,True,True,False,
occupation_type_employee_265001,"Cientifico, Ciencias Politicas",265001,True,True,False,
occupation_type_employee_265002,"Especialista, Ciencias Politicas",265002,True,True,False,
occupation_type_employee_265003,Filosofo,265003,True,True,False,
occupation_type_employee_265004,"Filosofo, Ciencias Politicas",265004,True,True,False,
occupation_type_employee_266001,"Argumentista, Teatro O Cine",266001,True,True,False,
occupation_type_employee_266002,Autor,266002,True,True,False,
occupation_type_employee_266003,"Autor, Drama",266003,True,True,False,
occupation_type_employee_266004,"Autor, Letra De Canciones",266004,True,True,False,
occupation_type_employee_266005,"Autor, Teatro",266005,True,True,False,
occupation_type_employee_266006,Biografo,266006,True,True,False,
occupation_type_employee_266007,"Comentarista, Actualidades",266007,True,True,False,
occupation_type_employee_266008,"Comentarista, Deportes",266008,True,True,False,
occupation_type_employee_266009,"Comentarista, Radio Y Television",266009,True,True,False,
occupation_type_employee_266010,"Corresponsal, Medios De Informacion",266010,True,True,False,
occupation_type_employee_266011,Critico,266011,True,True,False,
occupation_type_employee_266012,"Critico, Arte",266012,True,True,False,
occupation_type_employee_266013,"Critico, Artes Plasticas",266013,True,True,False,
occupation_type_employee_266014,"Critico, Cinematografico",266014,True,True,False,
occupation_type_employee_266015,"Critico, Literario",266015,True,True,False,
occupation_type_employee_266016,"Critico, Musica",266016,True,True,False,
occupation_type_employee_266017,"Critico, Radio",266017,True,True,False,
occupation_type_employee_266018,"Critico, Teatro",266018,True,True,False,
occupation_type_employee_266019,"Critico, Television",266019,True,True,False,
occupation_type_employee_266020,Cronista,266020,True,True,False,
occupation_type_employee_266021,"Cronista, Deportes",266021,True,True,False,
occupation_type_employee_266022,"Cronista, Tribunales",266022,True,True,False,
occupation_type_employee_266023,Dialoguista,266023,True,True,False,
occupation_type_employee_266024,"Editor, Libros/Revistas",266024,True,True,False,
occupation_type_employee_266025,Editorialista,266025,True,True,False,
occupation_type_employee_266026,Ensayista,266026,True,True,False,
occupation_type_employee_266027,Escritor,266027,True,True,False,
occupation_type_employee_266028,"Escritor, Libretos",266028,True,True,False,
occupation_type_employee_266029,"Escritor, Novelas",266029,True,True,False,
occupation_type_employee_266030,"Escritor, Poesia",266030,True,True,False,
occupation_type_employee_266031,"Escritor, Teatro",266031,True,True,False,
occupation_type_employee_266032,Folletinista,266032,True,True,False,
occupation_type_employee_266033,Gacetillero,266033,True,True,False,
occupation_type_employee_266034,Guionista,266034,True,True,False,
occupation_type_employee_266035,Hombres De Letras,266035,True,True,False,
occupation_type_employee_266036,Libretista,266036,True,True,False,
occupation_type_employee_266037,Literato,266037,True,True,False,
occupation_type_employee_266038,Novelista,266038,True,True,False,
occupation_type_employee_266039,Periodista,266039,True,True,False,
occupation_type_employee_266040,Periodista Reportero,266040,True,True,False,
occupation_type_employee_266041,"Periodista, Radio",266041,True,True,False,
occupation_type_employee_266042,"Periodista, Television",266042,True,True,False,
occupation_type_employee_266043,Poeta,266043,True,True,False,
occupation_type_employee_266044,Redactor,266044,True,True,False,
occupation_type_employee_266045,"Redactor Jefe, Diarios",266045,True,True,False,
occupation_type_employee_266046,"Redactor Jefe, Finanzas",266046,True,True,False,
occupation_type_employee_266047,"Redactor Jefe, Guiones/Radio Y Television",266047,True,True,False,
occupation_type_employee_266048,"Redactor Jefe, Revistas",266048,True,True,False,
occupation_type_employee_266049,"Redactor, Articulos De Fondo",266049,True,True,False,
occupation_type_employee_266050,"Redactor, Informacion Publica",266050,True,True,False,
occupation_type_employee_266051,"Redactor, Modas",266051,True,True,False,
occupation_type_employee_266052,"Redactor, Prensa/T.V.",266052,True,True,False,
occupation_type_employee_266053,"Redactor, Prensa/Extranjero",266053,True,True,False,
occupation_type_employee_266054,"Redactor, Publicidad",266054,True,True,False,
occupation_type_employee_266055,"Redactor, Revistas",266055,True,True,False,
occupation_type_employee_266056,"Redactor, Tecnico",266056,True,True,False,
occupation_type_employee_266057,"Redactor, Tecnico/Manuales",266057,True,True,False,
occupation_type_employee_266058,Reportero,266058,True,True,False,
occupation_type_employee_266059,"Reportero, Moda",266059,True,True,False,
occupation_type_employee_266060,"Reportero, Prensa/T.V. O Radio",266060,True,True,False,
occupation_type_employee_266061,Jefe De Redaccion/Diario,266061,True,True,False,
occupation_type_employee_266062,Jefe De Redaccion/Revista,266062,True,True,False,
occupation_type_employee_267001,"Especialista, Fonetica",267001,True,True,False,
occupation_type_employee_267002,"Especialista, Semantica",267002,True,True,False,
occupation_type_employee_267003,Etimologista,267003,True,True,False,
occupation_type_employee_267004,Filologo,267004,True,True,False,
occupation_type_employee_267005,"Filologo, Etimologia",267005,True,True,False,
occupation_type_employee_267006,"Filologo, Fonetica",267006,True,True,False,
occupation_type_employee_267007,"Filologo, Fonologia",267007,True,True,False,
occupation_type_employee_267008,"Filologo, Grafologia",267008,True,True,False,
occupation_type_employee_267009,"Filologo, Lexicografia",267009,True,True,False,
occupation_type_employee_267010,"Filologo, Linguistica",267010,True,True,False,
occupation_type_employee_267011,"Filologo, Morfologia",267011,True,True,False,
occupation_type_employee_267012,"Filologo, Semantica",267012,True,True,False,
occupation_type_employee_267013,Grafologo,267013,True,True,False,
occupation_type_employee_267014,Interprete,267014,True,True,False,
occupation_type_employee_267015,Lexicografo,267015,True,True,False,
occupation_type_employee_267016,Linguista,267016,True,True,False,
occupation_type_employee_267017,Morfologo,267017,True,True,False,
occupation_type_employee_267018,Traductor,267018,True,True,False,
occupation_type_employee_268001,Psicologo,268001,True,True,False,
occupation_type_employee_268002,Psicologo Clinico,268002,True,True,False,
occupation_type_employee_268003,"Psicologo, Experimentos",268003,True,True,False,
occupation_type_employee_268004,"Psicologo, Industrias",268004,True,True,False,
occupation_type_employee_268005,"Psicologo, Ocupaciones",268005,True,True,False,
occupation_type_employee_268006,"Psicologo, Pedagogia",268006,True,True,False,
occupation_type_employee_268007,"Psicologo, Problemas Sociales",268007,True,True,False,
occupation_type_employee_268008,"Psicologo, Trabajo",268008,True,True,False,
occupation_type_employee_269001,Asistente Medico Social,269001,True,True,False,
occupation_type_employee_269002,Asistente Social,269002,True,True,False,
occupation_type_employee_269003,"Asistente Social, Bienestar Social",269003,True,True,False,
occupation_type_employee_269004,"Asistente Social, Delincuencia",269004,True,True,False,
occupation_type_employee_269005,"Asistente Social, Delincuencia/Libertad Condicional",269005,True,True,False,
occupation_type_employee_269006,"Asistente Social, Delincuencia/Prevencion Y Rehabilitacion",269006,True,True,False,
occupation_type_employee_269007,"Asistente Social, Empresa",269007,True,True,False,
occupation_type_employee_269008,"Asistente Social, Hospital",269008,True,True,False,
occupation_type_employee_269009,"Asistente Social, Prisiones",269009,True,True,False,
occupation_type_employee_269010,"Asistente Social, Proteccion De La Familia",269010,True,True,False,
occupation_type_employee_269011,"Asistente Social, Proteccion De La Infancia",269011,True,True,False,
occupation_type_employee_269012,"Asistente Social, Psiquiatria",269012,True,True,False,
occupation_type_employee_269013,"Asistente Social, Rehabilitacion/Incapacitados Fisicos",269013,True,True,False,
occupation_type_employee_269014,"Asistente Social, Servicios Comunitarios",269014,True,True,False,
occupation_type_employee_269015,"Asistente Social, Servicios Culturales",269015,True,True,False,
occupation_type_employee_269016,"Asistente Social, Servicios De Ayuda Familiar",269016,True,True,False,
occupation_type_employee_269017,"Asistente Social, Servicios Sociales",269017,True,True,False,
occupation_type_employee_271026,"Publicista, Responsable De Campaða Publicitaria",271026,True,True,False,
occupation_type_employee_272026,"Director, Coros",272026,True,True,False,
occupation_type_employee_272027,"Director, Orquesta Sinfonica",272027,True,True,False,
occupation_type_employee_272033,Mezzo-Soprano,272033,True,True,False,
occupation_type_employee_272040,Soprano,272040,True,True,False,
occupation_type_employee_272042,Tenor,272042,True,True,False,
occupation_type_employee_273007,"Director, Danza",273007,True,True,False,
occupation_type_employee_273008,"Director, Coreografia",273008,True,True,False,
occupation_type_employee_273009,Maestro De Ballet,273009,True,True,False,
occupation_type_employee_274009,"Director Artistico, Cine",274009,True,True,False,
occupation_type_employee_274010,"Director Artistico, Teatro",274010,True,True,False,
occupation_type_employee_274012,"Director, Escena/Cine",274012,True,True,False,
occupation_type_employee_274013,"Director, Escena/Teatro",274013,True,True,False,
occupation_type_employee_274014,"Director, Fotografia/Cine",274014,True,True,False,
occupation_type_employee_274020,"Realizador, Radiodifusion O Television",274020,True,True,False,
occupation_type_employee_274022,"Recitador, Radio O Television",274022,True,True,False,
occupation_type_employee_274023,"Regente, Escena",274023,True,True,False,
occupation_type_employee_281001,Profesional En Hoteleria,281001,True,True,False,
occupation_type_employee_281002,Profesional En Turismo,281002,True,True,False,
occupation_type_employee_282001,"Relacionista, Industrial",282001,True,True,False,
occupation_type_employee_282002,"Relacionista, Laboral",282002,True,True,False,
occupation_type_employee_282003,"Relacionista, Publico",282003,True,True,False,
occupation_type_employee_282004,"Relacionista, Otros",282004,True,True,False,
occupation_type_employee_283001,"Diplomaticos, Extranjeros",283001,True,True,False,
occupation_type_employee_283002,"Diplomaticos, Peruanos (Excepto Embajadores Y Consules En F",283002,True,True,False,
occupation_type_employee_284001,Arcipreste,284001,True,True,False,
occupation_type_employee_284002,Arzobispo,284002,True,True,False,
occupation_type_employee_284003,Bonzo,284003,True,True,False,
occupation_type_employee_284004,Canonigo,284004,True,True,False,
occupation_type_employee_284005,Capellan,284005,True,True,False,
occupation_type_employee_284006,Cura,284006,True,True,False,
occupation_type_employee_284007,Iman,284007,True,True,False,
occupation_type_employee_284008,Ministro Del Culto,284008,True,True,False,
occupation_type_employee_284009,Misionero,284009,True,True,False,
occupation_type_employee_284010,Monja,284010,True,True,False,
occupation_type_employee_284011,Monje,284011,True,True,False,
occupation_type_employee_284012,Obispo,284012,True,True,False,
occupation_type_employee_284013,Parroco,284013,True,True,False,
occupation_type_employee_284014,Pastor Protestante,284014,True,True,False,
occupation_type_employee_284015,Poojari,284015,True,True,False,
occupation_type_employee_284016,Prior,284016,True,True,False,
occupation_type_employee_284017,Rabino,284017,True,True,False,
occupation_type_employee_284018,Sacerdote,284018,True,True,False,
occupation_type_employee_284019,Sacerdote Budista,284019,True,True,False,
occupation_type_employee_284020,Teologo,284020,True,True,False,
occupation_type_employee_284021,Vicario,284021,True,True,False,
occupation_type_employee_331001,"Cuarto Oficial, Maquinista/Barco",331001,True,True,False,
occupation_type_employee_331002,"Inspector Tecnico, Marina/Mercante",331002,True,True,False,
occupation_type_employee_331003,Instructor Navegacion/Vela,331003,True,True,False,
occupation_type_employee_331004,"Jefe De Maquinas, Barco",331004,True,True,False,
occupation_type_employee_331006,"Oficial Maquinista, Barco",331006,True,True,False,
occupation_type_employee_331007,"Primer Oficial, Maquinista/Barco",331007,True,True,False,
occupation_type_employee_331008,"Segundo Oficial, Maquinista/Barco",331008,True,True,False,
occupation_type_employee_331009,"Superintendente Tecnico, Marina Mercante",331009,True,True,False,
occupation_type_employee_331010,"Tercer Oficial, Maquinista/Marina Mercante",331010,True,True,False,
occupation_type_employee_332001,"Alferez De Fragata, Reserva Naval/Marina Mercante",332001,True,True,False,
occupation_type_employee_332013,"Oficial, Cubierta",332013,True,True,False,
occupation_type_employee_332014,"Oficial, Navegacion",332014,True,True,False,
occupation_type_employee_332021,"Piloto, Aerodeslizador",332021,True,True,False,
occupation_type_employee_332022,"Piloto, Costero",332022,True,True,False,
occupation_type_employee_332023,"Piloto, Deslizador",332023,True,True,False,
occupation_type_employee_332024,"Piloto, Hidroplano",332024,True,True,False,
occupation_type_employee_332025,Piloto-Practico Navegacion,332025,True,True,False,
occupation_type_employee_333002,"Copiloto, Aeronave",333002,True,True,False,
occupation_type_employee_333003,Instructor De Vuelo,333003,True,True,False,
occupation_type_employee_333004,"Oficial Mecanico, Vuelo/Mecanico Navegante",333004,True,True,False,
occupation_type_employee_333005,"Oficial Navegante, Aeronave",333005,True,True,False,
occupation_type_employee_333006,"Piloto, Aeronave/Transporte Aereo",333006,True,True,False,
occupation_type_employee_333007,"Piloto, Fumigacion",333007,True,True,False,
occupation_type_employee_333008,"Piloto, Helicoptero",333008,True,True,False,
occupation_type_employee_333009,"Piloto, Hidroavion",333009,True,True,False,
occupation_type_employee_333010,"Piloto, Instructor",333010,True,True,False,
occupation_type_employee_333011,"Piloto, Pruebas/Aeronautica",333011,True,True,False,
occupation_type_employee_335005,"Inspector, Control De Calidad",335005,True,True,False,
occupation_type_employee_335006,"Inspector, Control De Calidad/Electricidad",335006,True,True,False,
occupation_type_employee_335007,"Inspector, Control De Calidad/Equipos Electricos",335007,True,True,False,
occupation_type_employee_335008,"Inspector, Control De Calidad/Equipos Electronicos",335008,True,True,False,
occupation_type_employee_335009,"Inspector, Control De Calidad/Maquinas",335009,True,True,False,
occupation_type_employee_335010,"Inspector, Control De Calidad/Procesos Industriales",335010,True,True,False,
occupation_type_employee_335011,"Inspector, Control De Calidad/Productos Mecanicos",335011,True,True,False,
occupation_type_employee_335012,"Inspector, Control De Calidad/Servicios",335012,True,True,False,
occupation_type_employee_335013,"Inspector, Control De Calidad/Tejidos",335013,True,True,False,
occupation_type_employee_335014,"Inspector, Seguridad Y Salud",335014,True,True,False,
occupation_type_employee_335015,"Inspector, Seguridad Y Salud/Contaminacion Del Medio Ambien",335015,True,True,False,
occupation_type_employee_335016,"Inspector, Seguridad Y Salud/Cuidados A Los Niðos",335016,True,True,False,
occupation_type_employee_335017,"Inspector, Seguridad Y Salud/Electricidad",335017,True,True,False,
occupation_type_employee_335018,"Inspector, Seguridad Y Salud/Establecimientos",335018,True,True,False,
occupation_type_employee_335019,"Inspector, Seguridad Y Salud/Fabrica",335019,True,True,False,
occupation_type_employee_335020,"Inspector, Seguridad Y Salud/Proteccion De Los Consumidores",335020,True,True,False,
occupation_type_employee_335021,"Inspector, Seguridad Y Salud/Seguridad Industrial",335021,True,True,False,
occupation_type_employee_335022,"Inspector, Seguridad Y Salud/Tiendas Y Comercios",335022,True,True,False,
occupation_type_employee_335023,"Inspector, Seguridad Y Salud/Trabajo",335023,True,True,False,
occupation_type_employee_335024,"Inspector, Seguridad Y Salud/Tratamiento De Desechos Indust",335024,True,True,False,
occupation_type_employee_335025,"Inspector, Seguridad Y Salud/Vehiculos",335025,True,True,False,
occupation_type_employee_335026,"Inspector, Seguridad/Productos",335026,True,True,False,
occupation_type_employee_352001,"Enfermera, Nivel Superior (Diplomados)",352001,True,True,False,
occupation_type_employee_352002,"Enfermera, Nivel Medio",352002,True,True,False,
occupation_type_employee_352003,"Enfermera, Nivel Medio/Clinica, Centro De Salud, Etc.",352003,True,True,False,
occupation_type_employee_352004,"Enfermera, Nivel Medio/Maternidad",352004,True,True,False,
occupation_type_employee_352005,"Enfermera, Nivel Medio/Obstetricia",352005,True,True,False,
occupation_type_employee_352006,"Enfermera, Nivel Medio/Ortopedia",352006,True,True,False,
occupation_type_employee_352007,"Enfermera, Nivel Medio/Pediatria",352007,True,True,False,
occupation_type_employee_352008,"Enfermero, Nivel Medio",352008,True,True,False,
occupation_type_employee_352009,"Enfermero, Nivel Medio/Clinica",352009,True,True,False,
occupation_type_employee_352010,"Enfermero, Nivel Medio/Obstetricia",352010,True,True,False,
occupation_type_employee_352011,"Enfermero, Nivel Medio/Ortopedia",352011,True,True,False,
occupation_type_employee_352012,"Enfermero, Nivel Medio/Pediatria",352012,True,True,False,
occupation_type_employee_361001,"Inspector Jefe, Comercio Al Por Mayor",361001,True,True,False,
occupation_type_employee_361002,"Supervisor De Ventas, Comercio Al Por Mayor",361002,True,True,False,
occupation_type_employee_362001,"Inspector Jefe, Comercio Al Por Menor",362001,True,True,False,
occupation_type_employee_362002,"Supervisor De Ventas, Comercio Al Por Menor",362002,True,True,False,
occupation_type_employee_363001,"Supervisor, Comercio N.E.P",363001,True,True,False,
occupation_type_employee_364001,"Administrador, Abastecimiento",364001,True,True,False,
occupation_type_employee_364002,"Administrador, Hogar/Economos",364002,True,True,False,
occupation_type_employee_364003,"Administrador, Material Contable",364003,True,True,False,
occupation_type_employee_364004,"Administrador, Personal",364004,True,True,False,
occupation_type_employee_373001,"Administrador, Propiedades Inmuebles",373001,True,True,False,
occupation_type_employee_374001,"Agente Administrativo, Administracion Publica/Servicio De Turismo",374001,True,True,False,
occupation_type_employee_374002,"Agente Administrativo, Consulado/Servicio De Turismo",374002,True,True,False,
occupation_type_employee_374003,"Agente, Turismo",374003,True,True,False,
occupation_type_employee_377001,Aduanero,377001,True,True,False,
occupation_type_employee_377008,"Agente, Servicios De Almacenamiento",377008,True,True,False,
occupation_type_employee_377009,Correo Diplomatico,377009,True,True,False,
occupation_type_employee_377010,"Funcionario, Consulado",377010,True,True,False,
occupation_type_employee_379011,"Empresario, Circo",379011,True,True,False,
occupation_type_employee_379012,"Empresario, Musica",379012,True,True,False,
occupation_type_employee_379013,"Empresario, Teatro",379013,True,True,False,
occupation_type_employee_379014,"Funcionario, Servicio Del Empleo",379014,True,True,False,
occupation_type_employee_379015,"Funcionario, Servicio Del Empleo/Jovenes",379015,True,True,False,
occupation_type_employee_379016,"Organizador De Espectaculo, Varios",379016,True,True,False,
occupation_type_employee_382001,"Empleado, Fisco",382001,True,True,False,
occupation_type_employee_382002,"Inspector, Hacienda",382002,True,True,False,
occupation_type_employee_383001,"Funcionario, Prestaciones Sociales Y Otros",383001,True,True,False,
occupation_type_employee_383002,"Funcionario, Expedicion De Licencias Y Permisos",383002,True,True,False,
occupation_type_employee_383003,"Funcionario, Expedicion De Licencias/Exportacion",383003,True,True,False,
occupation_type_employee_383004,"Funcionario, Expedicion De Licencias/Importacion",383004,True,True,False,
occupation_type_employee_383005,"Funcionario, Expedicion De Pasaportes",383005,True,True,False,
occupation_type_employee_383006,"Funcionario, Inmigracion",383006,True,True,False,
occupation_type_employee_383007,"Funcionario, Permisos De Construccion",383007,True,True,False,
occupation_type_employee_396003,"Director, Orquesta/Baile",396003,True,True,False,
occupation_type_employee_412001,Empleado Deregistro Civil,412001,True,True,False,
occupation_type_employee_412002,Empleado De Registro Electoral,412002,True,True,False,
occupation_type_employee_418001,Empleados De Contabilidad Y Calculo De Costos,418001,True,True,False,
occupation_type_employee_418002,"Empleado, Caja",418002,True,True,False,
occupation_type_employee_418003,"Empleado, Calculo De Costos",418003,True,True,False,
occupation_type_employee_418004,"Empleado, Calculo De Presupuestos",418004,True,True,False,
occupation_type_employee_418005,"Empleado, Calculo De Salarios",418005,True,True,False,
occupation_type_employee_418006,"Empleado, Contabilidad",418006,True,True,False,
occupation_type_employee_418007,"Empleado, Contabilidad/Calculo De Costos",418007,True,True,False,
occupation_type_employee_418008,"Empleado, Contabilidad/Calculo De Intereses",418008,True,True,False,
occupation_type_employee_418009,"Empleado, Contabilidad/Cuentas Corrientes",418009,True,True,False,
occupation_type_employee_418010,"Empleado, Contabilidad/Descuentos",418010,True,True,False,
occupation_type_employee_418011,"Empleado, Contabilidad/Estimaciones",418011,True,True,False,
occupation_type_employee_418012,"Empleado, Contabilidad/Verificacion",418012,True,True,False,
occupation_type_employee_418013,"Empleado, Facturas",418013,True,True,False,
occupation_type_employee_418014,"Empleado, Pagador De Planillas De Pago",418014,True,True,False,
occupation_type_employee_418015,"Empleado, Planillero",418015,True,True,False,
occupation_type_employee_418016,"Empleado, Pago De Nominas",418016,True,True,False,
occupation_type_employee_418017,"Empleado, Pago De Salarios",418017,True,True,False,
occupation_type_employee_418018,"Empleado, Servicio Del Personal",418018,True,True,False,
occupation_type_employee_418019,"Empleado, Subastas",418019,True,True,False,
occupation_type_employee_418020,"Empleado, Teneduria De Libros",418020,True,True,False,
occupation_type_employee_419003,Empleado Actuarial,419003,True,True,False,
occupation_type_employee_419004,"Empleado, Bancos",419004,True,True,False,
occupation_type_employee_419005,"Empleado, Banco/Prestamos",419005,True,True,False,
occupation_type_employee_419006,"Empleado, Bolsa",419006,True,True,False,
occupation_type_employee_419007,"Empleado, Creditos",419007,True,True,False,
occupation_type_employee_419008,"Empleado, Estadistica",419008,True,True,False,
occupation_type_employee_419009,"Empleado, Finanzas",419009,True,True,False,
occupation_type_employee_419010,"Empleado, Hipotecas",419010,True,True,False,
occupation_type_employee_419011,"Empleado, Inversiones",419011,True,True,False,
occupation_type_employee_419012,"Empleado, Oficina De Impuestos/Sellos Y Timbres",419012,True,True,False,
occupation_type_employee_419013,"Empleado, Registro De Titulos Y Acciones",419013,True,True,False,
occupation_type_employee_419014,"Empleado, Servicios Financieros",419014,True,True,False,
occupation_type_employee_419015,"Empleado, Seguros",419015,True,True,False,
occupation_type_employee_419016,"Empleado, Seguros/Modificaciones De Cobertura",419016,True,True,False,
occupation_type_employee_419017,"Empleado, Seguros/Pago De Suministros",419017,True,True,False,
occupation_type_employee_419018,"Empleado, Seguros/Polizas",419018,True,True,False,
occupation_type_employee_419019,"Empleado, Servicios Juridicos",419019,True,True,False,
occupation_type_employee_419020,"Empleado, Transacciones",419020,True,True,False,
occupation_type_employee_419021,"Empleado, Valores",419021,True,True,False,
occupation_type_employee_421002,"Empleado, Abastecimiento",421002,True,True,False,
occupation_type_employee_421003,"Empleado, Almacenaje Y Aprovisionamiento",421003,True,True,False,
occupation_type_employee_421004,"Empleado, Contabilidad/Existencias",421004,True,True,False,
occupation_type_employee_421005,"Empleado, Control De Peso",421005,True,True,False,
occupation_type_employee_421006,"Empleado, Deposito",421006,True,True,False,
occupation_type_employee_421007,"Empleado, Despacho",421007,True,True,False,
occupation_type_employee_421008,"Empleado, Embarque/Mercaderia",421008,True,True,False,
occupation_type_employee_421009,"Empleado, Existencias/Registrador",421009,True,True,False,
occupation_type_employee_421010,"Empleado, Existencias/Control",421010,True,True,False,
occupation_type_employee_421011,"Empleado, Existencias/Control (Registros)",421011,True,True,False,
occupation_type_employee_421012,"Empleado, Existencias/Inventario",421012,True,True,False,
occupation_type_employee_421013,"Empleado, Existencias/Mercaderia",421013,True,True,False,
occupation_type_employee_421014,"Empleado, Expedicion Y Recepcion De Mercaderia",421014,True,True,False,
occupation_type_employee_421015,"Empleado, Guardamuebles",421015,True,True,False,
occupation_type_employee_421016,"Empleado, Herramientas/Almacen",421016,True,True,False,
occupation_type_employee_421017,"Empleado, Interventor Almacenista",421017,True,True,False,
occupation_type_employee_421018,"Empleado, Mercaderias",421018,True,True,False,
occupation_type_employee_421019,"Empleado, Movimiento/Mercaderias",421019,True,True,False,
occupation_type_employee_421020,"Empleado, Recepcion/Mercaderia (Almacen)",421020,True,True,False,
occupation_type_employee_421021,"Empleado, Registrador/Entradas Y Salidas De Mercaderias",421021,True,True,False,
occupation_type_employee_421022,"Empleado, Servicio De Almacenaje",421022,True,True,False,
occupation_type_employee_421023,"Empleado, Suministros",421023,True,True,False,
occupation_type_employee_421024,"Empleado, Kardista/Tarjador",421024,True,True,False,
occupation_type_employee_422001,"Empleado, Abastecimiento/Materiales",422001,True,True,False,
occupation_type_employee_422002,"Empleado, Calculo De Materiales",422002,True,True,False,
occupation_type_employee_422003,"Empleado, Planificacion De La Produccion",422003,True,True,False,
occupation_type_employee_422004,"Empleado, Planificacion De La Produccion/Coordinacion",422004,True,True,False,
occupation_type_employee_422005,"Empleado, Planificacion De La Produccion/Programa",422005,True,True,False,
occupation_type_employee_422006,"Empleado, Planificacion/Materiales",422006,True,True,False,
occupation_type_employee_422007,"Empleado, Programa De Abastecimiento/Materiales",422007,True,True,False,
occupation_type_employee_423001,Empleado De Agencia De Seguros,423001,True,True,False,
occupation_type_employee_423002,Empleado De Correspondencia,423002,True,True,False,
occupation_type_employee_423003,Empleado De Oficina En General,423003,True,True,False,
occupation_type_employee_423004,Empleado De Oficina Publica O Particular,423004,True,True,False,
occupation_type_employee_423005,"Empleado De Servicios Administrativos, Otros",423005,True,True,False,
occupation_type_employee_423006,Empleado De Servicios De Personal,423006,True,True,False,
occupation_type_employee_436002,"Controlador Administrativo, Ferrocarril/Mercancias",436002,True,True,False,
occupation_type_employee_436003,"Controlador Administrativo, Trafico Aereo",436003,True,True,False,
occupation_type_employee_436004,"Controlador Administrativo, Transporte Aereo",436004,True,True,False,
occupation_type_employee_436005,"Controlador Administrativo, Transporte Ferroviario (Cargas)",436005,True,True,False,
occupation_type_employee_436006,"Controlador Administrativo, Transporte Maritimo",436006,True,True,False,
occupation_type_employee_436007,"Controlador Administrativo, Transporte Por Carretera",436007,True,True,False,
occupation_type_employee_436008,"Empleado, Despacho/Autobuses",436008,True,True,False,
occupation_type_employee_436009,"Empleado, Despacho/Barcos",436009,True,True,False,
occupation_type_employee_436010,"Empleado, Despacho/Camiones",436010,True,True,False,
occupation_type_employee_436011,"Empleado, Despacho/Ferrocarril",436011,True,True,False,
occupation_type_employee_436012,"Empleado, Despacho/Gasoducto",436012,True,True,False,
occupation_type_employee_436013,"Empleado, Despacho/Muelles",436013,True,True,False,
occupation_type_employee_436014,"Empleado, Despacho/Oleoducto",436014,True,True,False,
occupation_type_employee_436015,"Empleado, Despacho/Transporte Aereo",436015,True,True,False,
occupation_type_employee_436016,"Empleado, Despacho/Transporte Carga",436016,True,True,False,
occupation_type_employee_436017,"Empleado, Despacho/Transporte Fluvial Y Transbordador",436017,True,True,False,
occupation_type_employee_436018,"Empleado, Despacho/Transporte Maritimo",436018,True,True,False,
occupation_type_employee_436019,"Empleado, Despacho/Transporte Por Carretera (Excepto Autobu",436019,True,True,False,
occupation_type_employee_436020,"Empleado, Ferrocarril/Deposito",436020,True,True,False,
occupation_type_employee_436021,"Empleado, Movimientos/Trenes",436021,True,True,False,
occupation_type_employee_436022,"Empleado, Operaciones/Transporte Aereo",436022,True,True,False,
occupation_type_employee_436023,"Empleado, Transporte",436023,True,True,False,
occupation_type_employee_436024,"Empleado, Transporte Aereo/Expedicion",436024,True,True,False,
occupation_type_employee_436025,"Empleado, Transporte Aereo/Movimiento",436025,True,True,False,
occupation_type_employee_436026,"Empleado, Transporte Maritimo/Estacion Terminal",436026,True,True,False,
occupation_type_employee_436027,"Empleado, Transporte Maritimo/Muelle",436027,True,True,False,
occupation_type_employee_436028,"Empleado, Transporte Por Carretera/Trafico",436028,True,True,False,
occupation_type_employee_442004,"Empleado, Archivo/Servicios",442004,True,True,False,
occupation_type_employee_442005,"Empleado, Biblioteca",442005,True,True,False,
occupation_type_employee_442006,"Empleado, Biblioteca/Adquisiciones",442006,True,True,False,
occupation_type_employee_442007,"Empleado, Biblioteca/Clasificacion",442007,True,True,False,
occupation_type_employee_442008,"Empleado, Biblioteca/Indice",442008,True,True,False,
occupation_type_employee_442009,"Empleado, Biblioteca/Prestamo De Libros",442009,True,True,False,
occupation_type_employee_443003,"Empleado De Correos, Correspondencia/Clasificacion",443003,True,True,False,
occupation_type_employee_443004,"Empleado, Distribucion/Correspondencia",443004,True,True,False,
occupation_type_employee_443011,"Supervisor, Correo",443011,True,True,False,
occupation_type_employee_444002,"Empleado, Correccion De Pruebas/Imprenta",444002,True,True,False,
occupation_type_employee_444003,"Empleado, Elaboracion De Listas",444003,True,True,False,
occupation_type_employee_444004,"Empleado, Escrituras",444004,True,True,False,
occupation_type_employee_444005,"Empleado, Clasificador De Documentos",444005,True,True,False,
occupation_type_employee_444006,"Empleado, Maquina Franqueadora",444006,True,True,False,
occupation_type_employee_451014,"Empleado, Emision De Billetes/Excepto De Viaje",451014,True,True,False,
occupation_type_employee_451015,"Empleado, Operaciones De Cambio",451015,True,True,False,
occupation_type_employee_451016,"Empleado, Ventanilla De Banco",451016,True,True,False,
occupation_type_employee_451017,"Empleado, Ventanilla De Correos",451017,True,True,False,
occupation_type_employee_454001,"Empleado, Agencia De Viajes",454001,True,True,False,
occupation_type_employee_454002,"Empleado, Agencia De Viajes/Ventas De Billetes",454002,True,True,False,
occupation_type_employee_454003,"Empleado, Emision De Billetes/Viajes",454003,True,True,False,
occupation_type_employee_454004,"Empleado, Viajes",454004,True,True,False,
occupation_type_employee_454005,"Empleado, Viajes/Ferrocarriles",454005,True,True,False,
occupation_type_employee_454006,"Empleado, Viajes/Lineas Aereas",454006,True,True,False,
occupation_type_employee_454007,"Empleado, Concertacion De Entrevistas",454007,True,True,False,
occupation_type_employee_454008,"Empleado, Informes",454008,True,True,False,
occupation_type_employee_462002,"Empleado, Operador De Maquina Autocopista",462002,True,True,False,
occupation_type_employee_462003,"Empleado, Operador De Fotocopiadora",462003,True,True,False,
occupation_type_employee_462004,"Empleado, Operador De Maquina Reproductora De Documentos",462004,True,True,False,
occupation_type_employee_462005,"Empleado, Operador De Maquina Multicopista",462005,True,True,False,
occupation_type_employee_462006,"Empleado De Oficina, Otros",462006,True,True,False,
occupation_type_employee_711001,Adornistas,711001,True,True,True,
occupation_type_employee_711002,Apiri,711002,True,True,True,
occupation_type_employee_711003,"Apuntalador, Ademador, Aladero, Entibador, Minas",711003,True,True,True,
occupation_type_employee_711004,"Artillero, Minas Y Canteras",711004,True,True,True,
occupation_type_employee_711005,Apurador-Lavador De Mineral,711005,True,True,True,
occupation_type_employee_711006,Aserrador De Piedra,711006,True,True,True,
occupation_type_employee_711007,"Barrenero, Dinamitero",711007,True,True,True,
occupation_type_employee_712008,"Peon De Torre, Petroleo",712008,True,True,True,
occupation_type_employee_713001,"Ayudante, Horno Alto",713001,True,True,True,
occupation_type_employee_714001,Auxiliar De Tren De Laminacion,714001,True,True,True,
occupation_type_employee_714002,Ayudante De Tren De Laminacion,714002,True,True,True,
occupation_type_employee_714010,Operario De Tren De Laminacion,714010,True,True,True,
occupation_type_employee_714011,Operario De Laminado De Revestimiento,714011,True,True,True,
occupation_type_employee_714012,Operario De Laminado Reversible,714012,True,True,True,
occupation_type_employee_715001,Ayudante De Horno De Segunda Fusion O De Recalentado,715001,True,True,True,
occupation_type_employee_716008,Operario De Nave De Colada,716008,True,True,True,
occupation_type_employee_716009,Operario De Colada Continua,716009,True,True,True,
occupation_type_employee_733003,"Obrero Tratam. Petroleo Crudo, Campos Extraccion",733003,True,True,True,
occupation_type_employee_737005,Obreros De La Coagulacion De Latex,737005,True,True,True,
occupation_type_employee_737006,Obreros Tratamiento Quimico De Materiales Radiactivos,737006,True,True,True,
occupation_type_employee_737007,Obreros Del Tratamiento De Desechos Radiactivos,737007,True,True,True,
occupation_type_employee_737008,Obreros En La Fabricacion De Abonos,737008,True,True,True,
occupation_type_employee_737009,Obreros En La Fabricacion De Acidos,737009,True,True,True,
occupation_type_employee_737010,"Obrero, Fabricacion Colorantes, Tintes, Pinturas, Barnices",737010,True,True,True,
occupation_type_employee_737011,"Obrero, Fabricacion De Carusa",737011,True,True,True,
occupation_type_employee_737012,"Obrero, Fabricacion De Minio",737012,True,True,True,
occupation_type_employee_737013,"Obrero, Fabricacion Hidrogeno, Oxigeno, Acetileno, Otros",737013,True,True,True,
occupation_type_employee_737014,"Obrero, Fabricacion De Explosivos",737014,True,True,True,
occupation_type_employee_737015,"Obrero, Fabricacion De Comprimidos Y Grageas",737015,True,True,True,
occupation_type_employee_742014,Obrero Textil,742014,True,True,True,
occupation_type_employee_767018,Obrero De La Elaboracion De Vinos,767018,True,True,True,
occupation_type_employee_767019,Obrero De La Fabricacion De Levadura,767019,True,True,True,
occupation_type_employee_767020,"Obrero De La Germinacion De Granos,Cerveza",767020,True,True,True,
occupation_type_employee_767021,Obrero De Vinos Achampanados,767021,True,True,True,
occupation_type_employee_767022,"Obrero Elaboracion Sodas, Gaseosas Y Otras Bebidas No Alcoh",767022,True,True,True,
occupation_type_employee_782001,Ayudante De Mecanico De Vehiculos De Motor,782001,True,True,True,
occupation_type_employee_785006,Ayudante De Hojalateria,785006,True,True,True,
occupation_type_employee_785007,Ayudante De Remachador De Estructuras Metalicas,785007,True,True,True,
occupation_type_employee_785025,"Operario De Mesa De Corte, Oxicortador",785025,True,True,True,
occupation_type_employee_785026,Operario De Oxicorte,785026,True,True,True,
occupation_type_employee_811017,Obrero Del Apomazado Del Caucho,811017,True,True,True,
occupation_type_employee_811018,Obrero En La Fabric. De Articulos De Caucho,811018,True,True,True,
occupation_type_employee_813001,Ayudante De Reencauchador De Neumaticos,813001,True,True,True,
occupation_type_employee_843004,Obrero De La Elabor. De Prefabricados De Hormigon Armado,843004,True,True,True,
occupation_type_employee_843005,Obrero De La Elaboracion De Prod.Hormigon Armado,843005,True,True,True,
occupation_type_employee_843006,Obrero De La Elaboracion De Fibrocemento De Amianto,843006,True,True,True,
occupation_type_employee_843007,Obrero De La Fabricacion De Piedra Artificial,843007,True,True,True,
occupation_type_employee_843008,Obrero De La Fabric. De Aglomerados De Piedra Artificial,843008,True,True,True,
occupation_type_employee_843009,Obrero De La Fabricacion De Papel Y Tela De Esmeril(Lija),843009,True,True,True,
occupation_type_employee_843010,Obrero De La Fab. De Telas Y Papeles Prevestidos,843010,True,True,True,
occupation_type_employee_843011,Losetero Fabricacion De Locetas Y Mosaicos,843011,True,True,True,
occupation_type_employee_843012,Obrero De La Preparacion De Arenas Siliceas Para Filtros,843012,True,True,True,
occupation_type_employee_843013,Otros Obreros De La Fabricacion De Prod. Derivados,843013,True,True,True,
occupation_type_employee_844018,Obrero De Impermeabilizacion De Telas Al Aceite,844018,True,True,True,
occupation_type_employee_844019,Obrero De La Elaboracion De Productos De Corcho,844019,True,True,True,
occupation_type_employee_844020,Obrero De La Elaboracion De Cuerdas De Tripa,844020,True,True,True,
occupation_type_employee_844021,Obrero De La Fabricacion De Linoleo,844021,True,True,True,
occupation_type_employee_844022,Obrero De La Fabric.De Peliculas Y Papel Fotografico,844022,True,True,True,
occupation_type_employee_844023,Obrero De La Fabricacion De Juguetes De Madera,844023,True,True,True,
occupation_type_employee_844024,Obrero De Fabricacion De Juguete Metalicos,844024,True,True,True,
occupation_type_employee_844025,Obrero De Trat. Y Revest. De Alquitran O Asfalto Del Papel,844025,True,True,True,
occupation_type_employee_844026,Obrero En La Elaboracion De Telas Aceitadas,844026,True,True,True,
occupation_type_employee_844027,Obrero En La Fabricacion De Botones,844027,True,True,True,
occupation_type_employee_844028,Obrero En La Fabricacion De Adornos Artificiales,844028,True,True,True,
occupation_type_employee_861001,Adoquineros,861001,True,True,True,
occupation_type_employee_861002,Adoquinador-Pavimentador,861002,True,True,True,
occupation_type_employee_861003,Albañil,861003,True,True,True,
occupation_type_employee_861004,Albañilero,861004,True,True,True,
occupation_type_employee_861005,Albañil En General,861005,True,True,True,
occupation_type_employee_861006,"Colocacion De Losas,Suelo, Solador",861006,True,True,True,
occupation_type_employee_861007,Colocador De Labrillos En General,861007,True,True,True,
occupation_type_employee_861008,"Constructor De Casas, Albanil",861008,True,True,True,
occupation_type_employee_861009,"Constructor De Alcantarillas, Albaðil",861009,True,True,True,
occupation_type_employee_861010,Enlosador,861010,True,True,True,
occupation_type_employee_861011,"Estufista,Fumista Albaðil En La Industria",861011,True,True,True,
occupation_type_employee_861012,Mampostero,861012,True,True,True,
occupation_type_employee_861013,"Marmolista, Construccion",861013,True,True,True,
occupation_type_employee_861014,"Mosaista,Colocador De Mosaicos",861014,True,True,True,
occupation_type_employee_861015,Pavimentador,861015,True,True,True,
occupation_type_employee_861016,Rejuntador De Mamposteria Careada Y Concertada,861016,True,True,True,
occupation_type_employee_861017,"Restaurador De Mamposteria De Construc.Historic.,Albaðil",861017,True,True,True,
occupation_type_employee_861018,Solador En Mosaico,861018,True,True,True,
occupation_type_employee_861019,Solador De Labrillos O Baldosas,861019,True,True,True,
occupation_type_employee_861020,"Solador En Materiales Plasticas, Sintasol",861020,True,True,True,
occupation_type_employee_862001,Armador De Hormigon,862001,True,True,True,
occupation_type_employee_862002,"Carpintero De Arma, Trabajo De Encofrado",862002,True,True,True,
occupation_type_employee_862003,"Cementero De Hormigon Armado,En General",862003,True,True,True,
occupation_type_employee_862004,"Cementero,Trabajo De Acabado",862004,True,True,True,
occupation_type_employee_862005,Encofrador En Madera,862005,True,True,True,
occupation_type_employee_862006,Enfoscador,862006,True,True,True,
occupation_type_employee_862007,En Terrazo,862007,True,True,True,
occupation_type_employee_862008,Obrero Del Curado Del Hormigon,862008,True,True,True,
occupation_type_employee_862010,"Solador En Terrazo, Pavimento Continuo",862010,True,True,True,
occupation_type_employee_862011,Vestimientos Con Hormigon,862011,True,True,True,
occupation_type_employee_863001,"Colocador De Cubiertas De Asfalto, De Junco De Metal",863001,True,True,True,
occupation_type_employee_863002,"Colocador De Tejas, Techador",863002,True,True,True,
occupation_type_employee_863003,Otros Techadores,863003,True,True,True,
occupation_type_employee_863004,"Techador En General, Pizarra, Teja, Asfalto, Materiales Sin",863004,True,True,True,
occupation_type_employee_863005,En Metal De Paja Y Similares,863005,True,True,True,
occupation_type_employee_864001,"Carpintero En Construc En Gral,Exc:Arma,Trab.De Encofrado",864001,True,True,True,
occupation_type_employee_864002,"Calafatero,Carpintero",864002,True,True,True,
occupation_type_employee_864003,Carpintero-Ebanista De Construccion,864003,True,True,True,
occupation_type_employee_864004,Carpintero De Aviacion,864004,True,True,True,
occupation_type_employee_864005,"Carpintero Ebanista, Construccion De Edificios",864005,True,True,True,
occupation_type_employee_864006,"Carpintero Ebanista, Construccion De Barcos",864006,True,True,True,
occupation_type_employee_864007,Carpintero-Armador De Embarcaciones,864007,True,True,True,
occupation_type_employee_864008,Carpintero Naval O Calafatero,864008,True,True,True,
occupation_type_employee_864009,Carpintero De Rivera,864009,True,True,True,
occupation_type_employee_864010,Carpintero De Puerta Y Ventanas,864010,True,True,True,
occupation_type_employee_864011,Colocador De Parquet,864011,True,True,True,
occupation_type_employee_864012,Entarugador De Pavimentos,864012,True,True,True,
occupation_type_employee_864013,"Montador De Ebanisteria, Edificacion",864013,True,True,True,
occupation_type_employee_864014,"Parquetero, Coloca Pisos De Parquet",864014,True,True,True,
occupation_type_employee_864015,Portaventanero,864015,True,True,True,
occupation_type_employee_865001,Decorador En Yeso Fibroso,865001,True,True,True,
occupation_type_employee_865002,Enlistonador,865002,True,True,True,
occupation_type_employee_865003,"Enlucidor En Yeso, En General",865003,True,True,True,
occupation_type_employee_865004,"Escayolista-Decorador, Escayolista",865004,True,True,True,
occupation_type_employee_865005,"Estuquista-Decorador,Escoyolista",865005,True,True,True,
occupation_type_employee_865006,Listonero,865006,True,True,True,
occupation_type_employee_865007,Revocador,865007,True,True,True,
occupation_type_employee_865008,Yesero En General,865008,True,True,True,
occupation_type_employee_867001,Cristalero De Edificio,867001,True,True,True,
occupation_type_employee_867002,Cristalero De Claroboyas,867002,True,True,True,
occupation_type_employee_867003,Colocador De Vidrios En Ventanas,867003,True,True,True,
occupation_type_employee_867004,Colocador De Lunas De Vehiculos,867004,True,True,True,
occupation_type_employee_867005,"Vidriero, Colocador De Vidrios",867005,True,True,True,
occupation_type_employee_868001,"Asfalto, Grano De Arena Y Materiales Similares",868001,True,True,True,
occupation_type_employee_868004,Colocador De Baldosas Sinteticas,868004,True,True,True,
occupation_type_employee_868005,Colocador De Caðerias Principales De Agua,868005,True,True,True,
occupation_type_employee_868006,Colocador De Cables Gruesos Subterraneos,868006,True,True,True,
occupation_type_employee_868007,"Colocador De Tubos, Conducciones",868007,True,True,True,
occupation_type_employee_868008,Constructor De Canalizacion Por Tubos,868008,True,True,True,
occupation_type_employee_868010,Montador De Andamios,868010,True,True,True,
occupation_type_employee_868011,Montador De Elementos Prefabric.De La Edificac.,868011,True,True,True,
occupation_type_employee_868012,"Montador,Edificacion Con Elementos Prefabricado",868012,True,True,True,
occupation_type_employee_868013,"Obrero De Conservacion, Reparacion Y Mantenimiento De Edifi",868013,True,True,True,
occupation_type_employee_868014,Obrero De Revest.De Suelos De Baldosas Sinteticas,868014,True,True,True,
occupation_type_employee_868015,Obrero Especializado En Suelo Revestidos Con Asfalto,868015,True,True,True,
occupation_type_employee_868016,Obrero Especializado En Apeos,868016,True,True,True,
occupation_type_employee_868017,Pocero,868017,True,True,True,
occupation_type_employee_868019,"Solador,Ladrillos Y Baldosas De Material Sintetico",868019,True,True,True,
occupation_type_employee_868020,Trabajador En La Construccion Y Repaciones,868020,True,True,True,
occupation_type_employee_868021,Capataz De Construcción,868021,True,True,True,
occupation_type_employee_868022,Oficial De Construcción,868022,True,True,True,
occupation_type_employee_882001,"Auxiliar De La Camara De Maquinas,Barcos",882001,True,True,True,
occupation_type_employee_882003,Fogonero De Barco,882003,True,True,True,
occupation_type_employee_882004,Limpiador De Maquinas.Barcos,882004,True,True,True,
occupation_type_employee_883001,Ayudante De Maquinistas De Tren,883001,True,True,True,
occupation_type_employee_886005,"Obrero De Compuertas De Evacuacion,Exclusas En Dique Seco",886005,True,True,True,
occupation_type_employee_911001,"Vendedor Ambulante, Cereales: Avena, Cebada, Trigo, Etc.",911001,True,True,True,
occupation_type_employee_911002,"Vendedor Ambulante, Especerias: Canela, Clavo De Olor, Pimi",911002,True,True,True,
occupation_type_employee_911003,"Vendedor Ambulante, Fruta Fresca",911003,True,True,True,
occupation_type_employee_911004,"Vendedor Ambulante, Hortalizas: Ajo, Cebolla, Choclo, Vaini",911004,True,True,True,
occupation_type_employee_911005,"Vendedor Ambulante, Menestras: Frijoles, Garbanzos, Lenteja",911005,True,True,True,
occupation_type_employee_911006,"Vendedor Ambulante, Tuberculos: Camote, Papa, Yuca, Etc.",911006,True,True,True,
occupation_type_employee_912001,"Vendedor Ambulante, Anticuchos",912001,True,True,True,
occupation_type_employee_912002,"Vendedor Ambulante, Cebiches Y Derivados",912002,True,True,True,
occupation_type_employee_912003,"Vendedor Ambulante, Churros",912003,True,True,True,
occupation_type_employee_912004,"Vendedor Ambulante, Emoliente",912004,True,True,True,
occupation_type_employee_912005,"Vendedor Ambulante, Jugos Y Refrescos",912005,True,True,True,
occupation_type_employee_912006,"Vendedor Ambulante, Picantes",912006,True,True,True,
occupation_type_employee_912007,"Vendedor Ambulante, Raspadillas",912007,True,True,True,
occupation_type_employee_912008,"Vendedor Ambulante, Salchipapas",912008,True,True,True,
occupation_type_employee_912009,"Vendedor Ambulante, Sandwich",912009,True,True,True,
occupation_type_employee_912010,"Vendedor Ambulante, Comidas Preparadas En La Calle, Otros",912010,True,True,True,
occupation_type_employee_913001,"Vendedor Ambulante, Alfalfa Y Forraje",913001,True,True,True,
occupation_type_employee_913002,"Vendedor Ambulante, Coca",913002,True,True,True,
occupation_type_employee_913003,"Vendedor Ambulante, Flores",913003,True,True,True,
occupation_type_employee_913004,"Vendedor Ambulante, Plantas Y Semillas",913004,True,True,True,
occupation_type_employee_913005,"Vendedor Ambulante, Cochinilla",913005,True,True,True,
occupation_type_employee_914001,"Vendedor Ambulante, Camarones Y Langostinos",914001,True,True,True,
occupation_type_employee_914002,"Vendedor Ambulante, Carne De: Ballena, Lobo Marino, Tortuga",914002,True,True,True,
occupation_type_employee_914003,"Vendedor Ambulante, Mariscos: Choros, Conchas, Etc.",914003,True,True,True,
occupation_type_employee_914004,"Vendedor Ambulante, Pescados: Bonito, Jurel, Pejerrey, Truc",914004,True,True,True,
occupation_type_employee_915001,"Vendedor Ambulante, Animales Vivos: Conejos, Gatos, Perros,",915001,True,True,True,
occupation_type_employee_915002,"Vendedor Ambulante, Aves Vivos Y/O Sus Carnes",915002,True,True,True,
occupation_type_employee_915003,"Vendedor Ambulante, Carnes: Porcino, Vacuno, Etc.",915003,True,True,True,
occupation_type_employee_915004,"Vendedor Ambulante, Repartidor De Leche",915004,True,True,True,
occupation_type_employee_916001,"Vendedor Ambulante, Productos Farmaceuticos: Alcohol, Algod",916001,True,True,True,
occupation_type_employee_916002,"Vendedor Ambulante, Cortezas Y Hierbas/ Uso Medicinal",916002,True,True,True,
occupation_type_employee_916003,"Vendedor Ambulante, Raices De Plantas/ Uso Medicinal",916003,True,True,True,
occupation_type_employee_917001,"Vendedor Ambulante, Aceite Comestible",917001,True,True,True,
occupation_type_employee_917002,"Vendedor Ambulante, Cafe Tostado, Molido, Envasado Y/O Gran",917002,True,True,True,
occupation_type_employee_917003,"Vendedor Ambulante, Caramelos, Confites, Chocolates, Gallet",917003,True,True,True,
occupation_type_employee_917004,"Vendedor Ambulante, Helados, Hielo, Marcianos, Etc.",917004,True,True,True,
occupation_type_employee_917005,"Vendedor Ambulante, Pan, Pasteles",917005,True,True,True,
occupation_type_employee_917006,"Vendedor Ambulante, Productos Lacteos, Fideos, Harinas, Azu",917006,True,True,True,
occupation_type_employee_917007,"Vendedor Ambulante, Productos Alimenticios Para Animales/ A",917007,True,True,True,
occupation_type_employee_917008,"Vendedor Ambulante, Abarrotes",917008,True,True,True,
occupation_type_employee_918001,"Vendedor Ambulante, Cigarro, Tabaco, Pipas E Implementos Pa",918001,True,True,True,
occupation_type_employee_918002,"Vendedor Ambulante, Agua Mineral, Gaseosas, Vino, Etc.",918002,True,True,True,
occupation_type_employee_919001,"Vendedor Ambulante; Cosmeticos, Perfumes, Locion, Etc.",919001,True,True,True,
occupation_type_employee_919002,"Vendedor Ambulante; Escobas, Escobillas, Escobillones, Etc.",919002,True,True,True,
occupation_type_employee_919003,"Vendedor Ambulante; Jabones, Detergentes, Etc.",919003,True,True,True,
occupation_type_employee_919004,"Vendedor Ambulante; Pasta Dentrifica, Papel Higienico, Etc.",919004,True,True,True,
occupation_type_employee_919005,"Vendedor Ambulante; Productos De: Ornella, Unique, Yambal,",919005,True,True,True,
occupation_type_employee_921001,"Vendedor Ambulante; Aceite Para Autos, Lubricantes (Envasad",921001,True,True,True,
occupation_type_employee_921003,"Vendedor Ambulante, Leða O Carbon",921003,True,True,True,
occupation_type_employee_922001,"Vendedor Ambulante, Calzados, Zapatillas, Sandalias, Slaps,",922001,True,True,True,
occupation_type_employee_922002,"Vendedor Ambulante, Merceria: Agujas, Adornos De Vestido, B",922002,True,True,True,
occupation_type_employee_922003,"Vendedor Ambulante, Prendas De Vestir: Camisas, Carteras, P",922003,True,True,True,
occupation_type_employee_922004,"Vendedor Ambulante, Telas Y/O Tejidos",922004,True,True,True,
occupation_type_employee_922005,"Vendedor Ambulante, Sombreros",922005,True,True,True,
occupation_type_employee_922006,"Vendedor Ambulante Pasamaneria, Lenceria, Merceria",922006,True,True,True,
occupation_type_employee_923001,"Vendedor Ambulante, Alfombras. Cortinas, Tapices Y Articulo",923001,True,True,True,
occupation_type_employee_923002,"Vendedor Ambulante, Art. Domest.: Cocina, Lavadora, Refrige",923002,True,True,True,
occupation_type_employee_923003,"Vendedor Ambulante, Catres Y Colchones/ Camas",923003,True,True,True,
occupation_type_employee_923004,"Vendedor Ambulante, Muebles Para El Hogar",923004,True,True,True,
occupation_type_employee_923005,"Vendedor Ambulante, Utensilios De Cocina: Cacerolas, Cuchil",923005,True,True,True,
occupation_type_employee_923006,"Vendedor Ambulante, Art. De Mesa: Manteles, Individuales, P",923006,True,True,True,
occupation_type_employee_924001,"Vendedor Ambulante, Diarios Y Revistas / Canillitas",924001,True,True,True,
occupation_type_employee_924002,"Vendedor Ambulante, Libros Y Novelas",924002,True,True,True,
occupation_type_employee_924003,"Vendedor Ambulante, Utles De Escritorio: Borradores, Cuader",924003,True,True,True,
occupation_type_employee_925001,"Vendedor Ambulante, Antiguedades",925001,True,True,True,
occupation_type_employee_925002,"Vendedor Ambulante, Articulos Artesanales",925002,True,True,True,
occupation_type_employee_925003,"Vendedor Ambulante, Articulos De Plata",925003,True,True,True,
occupation_type_employee_925004,"Vendedor Ambulante, Articulos Religiosos",925004,True,True,True,
occupation_type_employee_925005,"Vendedor Ambulante, Articulos Para Fiestas Y Disfraces",925005,True,True,True,
occupation_type_employee_925006,"Vendedor Ambulante, Cuadros Y Esculturas",925006,True,True,True,
occupation_type_employee_926001,"Vendedor Ambulante, Articulos Deportivos",926001,True,True,True,
occupation_type_employee_926002,"Vendedor Ambulante, Juguetes",926002,True,True,True,
occupation_type_employee_927001,"Vendedor Ambulante, Anteojos Y Lunas",927001,True,True,True,
occupation_type_employee_927002,"Vendedor Ambulante, Cassettes (Blancos Y Grabados) Y Discos",927002,True,True,True,
occupation_type_employee_927003,"Vendedor Ambulante, Hules Y/O Marroquines",927003,True,True,True,
occupation_type_employee_927004,"Vendedor Ambulante, Maletas Y Maletines / Carteras",927004,True,True,True,
occupation_type_employee_927005,"Vendedor Ambulante, Relojes",927005,True,True,True,
occupation_type_employee_927006,"Vendedor Ambulante, Repuesto Y/O Art. De Ferreteria",927006,True,True,True,
occupation_type_employee_927007,"Vendedor Ambulante, Otros",927007,True,True,True,
occupation_type_employee_941001,Ama De Cria O Seca O Leche O Niðos,941001,True,True,True,
occupation_type_employee_941002,Ama De Llaves,941002,True,True,True,
occupation_type_employee_941003,Aya Mama,941003,True,True,True,
occupation_type_employee_941004,Ayuda De Camara,941004,True,True,True,
occupation_type_employee_941005,Cantinero,941005,True,True,True,
occupation_type_employee_941006,Camarero,941006,True,True,True,
occupation_type_employee_941007,Cocinero,941007,True,True,True,
occupation_type_employee_941008,Criado,941008,True,True,True,
occupation_type_employee_941009,Dama De Compaðia,941009,True,True,True,
occupation_type_employee_941011,Lavandero,941011,True,True,True,
occupation_type_employee_941014,Mesero,941014,True,True,True,
occupation_type_employee_941015,Mozo (Personal Domestico),941015,True,True,True,
occupation_type_employee_941016,Mucama,941016,True,True,True,
occupation_type_employee_941017,Nana,941017,True,True,True,
occupation_type_employee_941018,Niñera,941018,True,True,True,
occupation_type_employee_941019,Sirvienta (E),941019,True,True,True,
occupation_type_employee_941020,"Sirvienta (E), Cocina",941020,True,True,True,
occupation_type_employee_941021,"Sirvienta (E), Salon",941021,True,True,True,
occupation_type_employee_941022,"Sirviente (A), Cocina",941022,True,True,True,
occupation_type_employee_941023,"Sirviente (A), Salon",941023,True,True,True,
occupation_type_employee_944001,Lavador Ambulante De Autos,944001,True,True,True,
occupation_type_employee_944002,Limpiabotas,944002,True,True,True,
occupation_type_employee_944003,Limpiador De Ventanas,944003,True,True,True,
occupation_type_employee_944004,Lustrabotas,944004,True,True,True,
occupation_type_employee_944005,Pegador De Carteles,944005,True,True,True,
occupation_type_employee_944006,Recadero,944006,True,True,True,
occupation_type_employee_945004,Ayudante De Camion,945004,True,True,True,
occupation_type_employee_945005,"Ayudante, Baðos Turcos",945005,True,True,True,
occupation_type_employee_945006,"Ayudante, Baðos Sauna",945006,True,True,True,
occupation_type_employee_945011,Descargador De Aviones,945011,True,True,True,
occupation_type_employee_945012,Descargador De Barcos,945012,True,True,True,
occupation_type_employee_945015,Ensacador A Mano,945015,True,True,True,
occupation_type_employee_945016,Escogedor De Botellas,945016,True,True,True,
occupation_type_employee_945018,Estibador Cargador De Barcos,945018,True,True,True,
occupation_type_employee_945021,Llenado O Envasador De Productos,945021,True,True,True,
occupation_type_employee_945025,Mozo De Mercados De Abastos,945025,True,True,True,
occupation_type_employee_945026,Mozo De Transporte De Muebles,945026,True,True,True,
occupation_type_employee_945027,Mozo De Almacen,945027,True,True,True,
occupation_type_employee_945028,"Mozo De Cuerda, Excepto En Los Hoteles",945028,True,True,True,
occupation_type_employee_945029,"Mozo De Equipajes, Excepto En Los Hoteles",945029,True,True,True,
occupation_type_employee_945031,Obrero Portuario,945031,True,True,True,
occupation_type_employee_945033,"Pelador De Pollos, Gallinas Y Otras Aves",945033,True,True,True,
occupation_type_employee_945037,Recogedor De Pelotas,945037,True,True,True,
occupation_type_employee_945046,Zapatero Remendon (Ambulante),945046,True,True,True,
occupation_type_employee_945047,Cuidado De Niðos En Viviendas Particulares,945047,True,True,True,
occupation_type_employee_961001,Basurero,961001,True,True,True,
occupation_type_employee_961002,Barrendero,961002,True,True,True,
occupation_type_employee_961003,"Barrendero, Calles",961003,True,True,True,
occupation_type_employee_961004,"Barrendero, Fabricas",961004,True,True,True,
occupation_type_employee_961005,"Barrendero, Plazas Y Parques/Jardines",961005,True,True,True,
occupation_type_employee_961006,Peon Carbonero,961006,True,True,True,
occupation_type_employee_961007,Peon General,961007,True,True,True,
occupation_type_employee_961008,"Peon, Recoleccion De Desechos",961008,True,True,True,
occupation_type_employee_961009,"Recogedor, Basuras/Camion O Triciclo",961009,True,True,True,
occupation_type_employee_971001,"Agricultor, Ayudante",971001,True,True,True,
occupation_type_employee_971002,Apanador/Cosechador De Algodon,971002,True,True,True,
occupation_type_employee_971003,Arboricultor,971003,True,True,True,
occupation_type_employee_971004,Arriero,971004,True,True,True,
occupation_type_employee_971005,Boyero,971005,True,True,True,
occupation_type_employee_971006,Bracero Agricola,971006,True,True,True,
occupation_type_employee_971007,Caballerizo (Obrero),971007,True,True,True,
occupation_type_employee_971008,Campesino,971008,True,True,True,
occupation_type_employee_971009,Capador (Obrero),971009,True,True,True,
occupation_type_employee_971010,"Conductor, Bovinos",971010,True,True,True,
occupation_type_employee_971011,Cortador De Caða De Azucar,971011,True,True,True,
occupation_type_employee_971012,"Cosechador: Mani, Algodon, Pajas, Etc.",971012,True,True,True,
occupation_type_employee_971013,"Criador De Ranas, Pajaros (Obrero)",971013,True,True,True,
occupation_type_employee_971014,Criador De Gusanos De Seda (Obrero),971014,True,True,True,
occupation_type_employee_971015,"Cultivador: Algodon, Caða, Azucar, Etc.",971015,True,True,True,
occupation_type_employee_971016,Dimidor,971016,True,True,True,
occupation_type_employee_971017,Enganchador Agricola,971017,True,True,True,
occupation_type_employee_971018,Esquilador (Obrero),971018,True,True,True,
occupation_type_employee_971019,"Establero, Caballos Reproductores",971019,True,True,True,
occupation_type_employee_971020,Gaðan,971020,True,True,True,
occupation_type_employee_971021,Golondrino,971021,True,True,True,
occupation_type_employee_971022,Injertador De Arboles Frutales (Obrero),971022,True,True,True,
occupation_type_employee_971023,Inseminador (Obrero),971023,True,True,True,
occupation_type_employee_971024,Jardinero (Obrero),971024,True,True,True,
occupation_type_employee_971025,Jornalero Agricola,971025,True,True,True,
occupation_type_employee_971026,Leñador,971026,True,True,True,
occupation_type_employee_971027,Marronero (Obrero),971027,True,True,True,
occupation_type_employee_971028,Mozo De Cuadra (Obrero),971028,True,True,True,
occupation_type_employee_971029,"Obrero Ganadero, Ayudante",971029,True,True,True,
occupation_type_employee_971030,"Obrero Criador, Ayudante",971030,True,True,True,
occupation_type_employee_971031,"Obrero Avicultor, Ayudante",971031,True,True,True,
occupation_type_employee_971032,Obrero Agricola De Arboles Frutales,971032,True,True,True,
occupation_type_employee_971033,"Obrero Agricola, Ayudante",971033,True,True,True,
occupation_type_employee_971034,"Obrero Forestal, Ayudante",971034,True,True,True,
occupation_type_employee_971035,"Palmero, Obrero Agricola",971035,True,True,True,
occupation_type_employee_971036,Pastor Mochilero,971036,True,True,True,
occupation_type_employee_971037,Peon Agropecuario,971037,True,True,True,
occupation_type_employee_971038,"Peon Agropecuario, Animales De Peleteria",971038,True,True,True,
occupation_type_employee_971039,"Peon Agropecuario, Cria De Animales De Piel",971039,True,True,True,
occupation_type_employee_971040,"Peon Agricola, Papero",971040,True,True,True,
occupation_type_employee_971041,"Peon Agricola, Hortalizas",971041,True,True,True,
occupation_type_employee_971042,"Peon Agricola, Cosechador/Frutas",971042,True,True,True,
occupation_type_employee_971043,"Peon Agricola, Cosechador/Te",971043,True,True,True,
occupation_type_employee_971044,"Peon Agricola, Cultivo Extensivo",971044,True,True,True,
occupation_type_employee_971045,"Peon Agropecuario, Estacional",971045,True,True,True,
occupation_type_employee_971046,"Peon Agropecuario, Ganado",971046,True,True,True,
occupation_type_employee_971047,"Peon Agropecuario, Temporero",971047,True,True,True,
occupation_type_employee_971048,Peon De Estancia O Hacienda,971048,True,True,True,
occupation_type_employee_971049,"Peon De Labranza, Arboricultor",971049,True,True,True,
occupation_type_employee_971050,"Peon Agropecuario, Ordeðador/Ganado Lechero",971050,True,True,True,
occupation_type_employee_971051,"Peon Agropecuario, Migrante",971051,True,True,True,
occupation_type_employee_971052,"Peon Agropecuario, Ganado Equino",971052,True,True,True,
occupation_type_employee_971053,"Peon Agropecuario, Gusanos De Seda",971053,True,True,True,
occupation_type_employee_971054,"Peon Agricola, Cosechador/Algodon",971054,True,True,True,
occupation_type_employee_971055,Peon Agricola En General,971055,True,True,True,
occupation_type_employee_971056,"Peon De Labranza, Cosechador/Frutos",971056,True,True,True,
occupation_type_employee_971057,"Peon De Labranza, Cosechador/Huertos",971057,True,True,True,
occupation_type_employee_971058,"Peon De Labranza, Cosechador/Algodon",971058,True,True,True,
occupation_type_employee_971059,"Peon De Labranza, Cosechador",971059,True,True,True,
occupation_type_employee_971060,"Peon De Labranza, Citricos",971060,True,True,True,
occupation_type_employee_971061,"Peon De Labranza, Cosechador/Te",971061,True,True,True,
occupation_type_employee_971062,"Peon De Labranza, Cria De Ganado",971062,True,True,True,
occupation_type_employee_971063,"Peon De Labranza, Ganado Ovino",971063,True,True,True,
occupation_type_employee_971064,"Peon De Labranza, Ganado Bovino",971064,True,True,True,
occupation_type_employee_971065,"Peon De Labranza, Ganado",971065,True,True,True,
occupation_type_employee_971066,"Peon De Labranza, Cultivo Extensivo",971066,True,True,True,
occupation_type_employee_971067,Peon De Labranza,971067,True,True,True,
occupation_type_employee_971068,Porquerizo,971068,True,True,True,
occupation_type_employee_971069,Recogedor De Frutas (Obrero),971069,True,True,True,
occupation_type_employee_971070,Recolector De Miel,971070,True,True,True,
occupation_type_employee_971071,"Recolector De Frutos, Hojas De Te, Cafe, Etc.",971071,True,True,True,
occupation_type_employee_971072,Resinero (Obrero),971072,True,True,True,
occupation_type_employee_971073,Rezador,971073,True,True,True,
occupation_type_employee_971074,Tornero,971074,True,True,True,
occupation_type_employee_971075,Trabajador Agricola,971075,True,True,True,
occupation_type_employee_971076,Tropero,971076,True,True,True,
occupation_type_employee_971077,Vareador,971077,True,True,True,
occupation_type_employee_971078,Vigilante De Monte,971078,True,True,True,
occupation_type_employee_972001,Descuajador,972001,True,True,True,
occupation_type_employee_972002,Peon Forestal,972002,True,True,True,
occupation_type_employee_973001,Batidor De Caza,973001,True,True,True,
occupation_type_employee_973002,"Encebador, Caza Con Trampa",973002,True,True,True,
occupation_type_employee_973003,Peon Cazador,973003,True,True,True,
occupation_type_employee_973004,Peon Trampero,973004,True,True,True,
occupation_type_employee_973005,"Rastrillador, Playas",973005,True,True,True,
occupation_type_employee_973006,Pescador Artesanal,973006,True,True,True,
occupation_type_employee_981001,"Ahoyador, Canteras",981001,True,True,True,
occupation_type_employee_981002,"Peón, Lavador De Oro",981002,True,True,True,
occupation_type_employee_981003,"Peón, Lavador De Minerales",981003,True,True,True,
occupation_type_employee_981004,Minero En General,981004,True,True,True,
occupation_type_employee_981005,Obrero De Mineria De Lavado,981005,True,True,True,
occupation_type_employee_981006,Pedrero,981006,True,True,True,
occupation_type_employee_981007,"Peon, Suministro De Electricidad, Gas Y Agua",981007,True,True,True,
occupation_type_employee_981008,"Peon, Minas O Canteras",981008,True,True,True,
occupation_type_employee_981009,"Peon, Canteras",981009,True,True,True,
occupation_type_employee_981010,"Picador, Minas",981010,True,True,True,
occupation_type_employee_981011,Picapedrero,981011,True,True,True,
occupation_type_employee_982001,"Cavador, Zanjas Y Acequias",982001,True,True,True,
occupation_type_employee_982002,Desbrozador De Tierra,982002,True,True,True,
occupation_type_employee_982003,Limpiabarros,982003,True,True,True,
occupation_type_employee_982004,"Obreros Del Balasto, Ferrocarril",982004,True,True,True,
occupation_type_employee_982005,Peon Bracero,982005,True,True,True,
occupation_type_employee_982006,Peon Caminero,982006,True,True,True,
occupation_type_employee_982007,"Peon Cavador, Fosos",982007,True,True,True,
occupation_type_employee_982008,"Peon Cavador, Pozos De Agua",982008,True,True,True,
occupation_type_employee_982009,"Peon Cavador, Sepulturas, Sepulturero, Enterrador",982009,True,True,True,
occupation_type_employee_982010,"Peon Ferrocarrillero, Balasto",982010,True,True,True,
occupation_type_employee_982011,Peon Construccion,982011,True,True,True,
occupation_type_employee_982012,Peon Construccion/Carreteras,982012,True,True,True,
occupation_type_employee_982013,Peon Construccion/Diques,982013,True,True,True,
occupation_type_employee_982014,"Peon, De Brega",982014,True,True,True,
occupation_type_employee_982015,"Peon, De Brigada Ferrocarriles",982015,True,True,True,
occupation_type_employee_982016,Peon En General,982016,True,True,True,
occupation_type_employee_982017,"Portamiras, Topografia",982017,True,True,True,
occupation_type_employee_982018,Vaciador De Pozosnegros,982018,True,True,True,
occupation_type_employee_983001,"Apilador De Material, Construccion/Edificios, A Mano",983001,True,True,True,
occupation_type_employee_983002,Empapelador De Paredes,983002,True,True,True,
occupation_type_employee_983003,"Peon, Albaðileria Y Ayudante De Albaðil",983003,True,True,True,
occupation_type_employee_983004,"Peon, Demolicion",983004,True,True,True,
occupation_type_employee_983005,"Peon, Tareas Diversas",983005,True,True,True,
occupation_type_employee_984001,"Cosedor A Mano, Encuadernacion",984001,True,True,True,
occupation_type_employee_984002,Descabezados De Pescado,984002,True,True,True,
occupation_type_employee_984003,"Embalador, A Mano",984003,True,True,True,
occupation_type_employee_984004,"Embalador, A Mano/Cajas",984004,True,True,True,
occupation_type_employee_984005,"Embalador, Industria Conservera/Enlatado",984005,True,True,True,
occupation_type_employee_984006,Embotellador Manual,984006,True,True,True,
occupation_type_employee_984007,"Empaquetador, Manual",984007,True,True,True,
occupation_type_employee_984008,"Ensacador, A Mano",984008,True,True,True,
occupation_type_employee_984009,"Envasador, A Mano",984009,True,True,True,
occupation_type_employee_984010,Escamador De Pescado,984010,True,True,True,
occupation_type_employee_984011,"Etiquetador, A Mano",984011,True,True,True,
occupation_type_employee_984012,"Lavador, Articulos Textiles/A Mano",984012,True,True,True,
occupation_type_employee_984013,"Lavador, Cueros Y Pieles/A Mano",984013,True,True,True,
occupation_type_employee_984014,"Lavador, Reses/Carniceria(A Mano)",984014,True,True,True,
occupation_type_employee_984015,"Lavador, Taller De Fabricacion/A Mano",984015,True,True,True,
occupation_type_employee_984016,"Peon, Armado",984016,True,True,True,
occupation_type_employee_984017,"Peon, Clasificacion/Botellas",984017,True,True,True,
occupation_type_employee_984018,"Peón, Limpiador De Pescado",984018,True,True,True,
occupation_type_employee_984019,"Peon, Enrollador De Bobinas/A Mano",984019,True,True,True,
occupation_type_employee_984020,"Peon, Enrollador De Filamentos/A Mano",984020,True,True,True,
occupation_type_employee_984021,"Peon, Enrollador De Resortes/A Mano",984021,True,True,True,
occupation_type_employee_984022,"Peon, Industria Vinicola",984022,True,True,True,
occupation_type_employee_984023,"Peon, Industrias Manufactureras",984023,True,True,True,
occupation_type_employee_984024,"Peon, Operaciones De Montaje Manual",984024,True,True,True,
occupation_type_employee_985001,"Carretillero, Cargador Ambulante De Mercancias",985001,True,True,True,
occupation_type_employee_985002,"Conductor, Bicicleta",985002,True,True,True,
occupation_type_employee_985003,"Conductor, Carro De Mano",985003,True,True,True,
occupation_type_employee_985004,"Conductor, Silla De Manos",985004,True,True,True,
occupation_type_employee_985005,"Conductor, Triciclo/No Motorizado",985005,True,True,True,
occupation_type_employee_985006,"Conductor, Vehiculo A Pedales",985006,True,True,True,
occupation_type_employee_985007,"Conductor, Velocipedo De Transporte",985007,True,True,True,
occupation_type_employee_986001,"Arriero, Conductor De Vehiculos De Traccion Animal",986001,True,True,True,
occupation_type_employee_986002,"Burrero, Transporte",986002,True,True,True,
occupation_type_employee_986003,"Caballista, Arrastre De Vazonetas En Minas Y Canteras",986003,True,True,True,
occupation_type_employee_986004,Caravanero,986004,True,True,True,
occupation_type_employee_986005,"Carretero, Conductor De Vehiculos De Traccion",986005,True,True,True,
occupation_type_employee_986006,Cochero De Punto,986006,True,True,True,
occupation_type_employee_986007,"Conductor, Animales/Canteras, Carreteras",986007,True,True,True,
occupation_type_employee_986008,"Conductor, Animales/Minas",986008,True,True,True,
occupation_type_employee_986009,Conductor De Animales De Carga,986009,True,True,True,
occupation_type_employee_986010,"Conductor, Maquinaria Agricola/No Motorizada",986010,True,True,True,
occupation_type_employee_986011,"Conductor, Mulas, Asemileros; Mulero, Transportes",986011,True,True,True,
occupation_type_employee_986012,"Conductor, Recuas",986012,True,True,True,
occupation_type_employee_986013,"Conductor, Vehiculo De Traccion Animal/Canteras",986013,True,True,True,
occupation_type_employee_986014,"Conductor, Vehiculo De Traccion Animal/Carreteras",986014,True,True,True,
occupation_type_employee_986015,"Conductor, Vehiculo De Traccion Animal/Minas",986015,True,True,True,
occupation_type_employee_986016,Yuguero De Bueyes,986016,True,True,True,
occupation_type_employee_986017,Yuguero De Mulas,986017,True,True,True,
occupation_type_employee_986018,Yuguero De Mulas Y Bueyes,986018,True,True,True,
occupation_type_employee_986019,Yuntero De Mulas Y Bueyes,986019,True,True,True,
occupation_type_employee_987001,Cargador,987001,True,True,True,
occupation_type_employee_987002,Cargador De Bultos,987002,True,True,True,
occupation_type_employee_987003,"Cargador, Buques",987003,True,True,True,
occupation_type_employee_987004,"Cargador, Buques Cisterna/Gases",987004,True,True,True,
occupation_type_employee_987005,"Cargador, Buques Cisterna/Liquido",987005,True,True,True,
occupation_type_employee_987006,"Cargador, Camiones",987006,True,True,True,
occupation_type_employee_987007,"Cargador, Muebles",987007,True,True,True,
occupation_type_employee_987008,"Cargador, Vehiculos/Transporte Ferroviario",987008,True,True,True,
occupation_type_employee_987009,"Cargador, Vehiculos/Transporte Por Carretera",987009,True,True,True,
occupation_type_employee_987010,"Estibador, Manual",987010,True,True,True,
occupation_type_employee_987011,"Manipulador, Almacenes Frigorificos",987011,True,True,True,
occupation_type_employee_987012,"Manipulador, Carga",987012,True,True,True,
occupation_type_employee_987013,"Manipulador, Carne",987013,True,True,True,
occupation_type_employee_987014,"Manipulador, Fruta",987014,True,True,True,
occupation_type_employee_987015,"Manipulador, Grandes Almacenes",987015,True,True,True,
occupation_type_employee_987016,"Manipulador, Mercado De Alimentos",987016,True,True,True,
occupation_type_employee_987017,"Manipulador, Mercancias",987017,True,True,True,
occupation_type_employee_987018,"Manipulador, Pescado",987018,True,True,True,
occupation_type_employee_987019,"Manipulador, Tienda",987019,True,True,True,
occupation_type_employee_987020,"Peon De Carga, Aviones",987020,True,True,True,
occupation_type_employee_987021,"Peon De Carga, Buques",987021,True,True,True,
occupation_type_employee_987022,"Peon De Carga, Buques Cisterna/Gases",987022,True,True,True,
occupation_type_employee_987023,"Peon De Carga, Buques Cisterna/Liquidos",987023,True,True,True,
occupation_type_employee_987024,"Peon De Carga, Empresas De Mudanzas",987024,True,True,True,
occupation_type_employee_987025,Peon Portuario,987025,True,True,True,
occupation_type_employee_121018,"Miembro Del Directorio, Asesor Tecnico/Explotacion: Agricol",121018,True,True,False,
occupation_type_employee_121019,"Miembro Del Directorio, Consejo Administrativo/Coop. Agrari",121019,True,True,False,
occupation_type_employee_121021,"Sub Director De Empresa, Agricultura, Caza, Silvicultura Y",121021,True,True,False,
occupation_type_employee_122007,"Miembro Del Directorio, Industrias Manufactureras, Minas Y",122007,True,True,False,
occupation_type_employee_122009,"Sub Director De Empresa, Industrias Manufactureras, Minas Y",122009,True,True,False,
occupation_type_employee_123005,"Miembro Del Directorio, Construccion Y Obras Publicas",123005,True,True,False,
occupation_type_employee_123007,"Sub Director De Empresa, Construccion Y Obras Publicas",123007,True,True,False,
occupation_type_employee_124012,"Miembro Del Directorio, Comercio Mayorista Y Minorista, Rep",124012,True,True,False,
occupation_type_employee_124014,"Sub Director De Empresa, Coimercio Mayorista Y Minorista, R",124014,True,True,False,
occupation_type_employee_125011,"Miembro Del Directorio, Restaurantes Y Hoteleria",125011,True,True,False,
occupation_type_employee_125013,"Sub Director De Empresa, Restaurantes Y Hoteleria",125013,True,True,False,
occupation_type_employee_126011,"Miembro Del Directorio, Transporte, Almacenamiento Y Comuni",126011,True,True,False,
occupation_type_employee_126013,"Sub Director De Empresa, Transporte, Almacenamiento Y Comun",126013,True,True,False,
occupation_type_employee_127039,"Miembro Del Directorio, Servicios Publicos Y Financieros",127039,True,True,False,
occupation_type_employee_127041,"Sub Director De Empresa, Servicios Publicos Y Financieros",127041,True,True,False,
occupation_type_employee_128001,"Director De Departamento, Produccion Y Operaciones/Agricult",128001,True,True,False,
occupation_type_employee_128002,"Director De Departamento, Produccion Y Operaciones/Pesca",128002,True,True,False,
occupation_type_employee_128003,"Director De Departamento, Produccion Y Operaciones/Silvicul",128003,True,True,False,
occupation_type_employee_129001,"Director De Departamento, Produccion Y Operaciones/Industri",129001,True,True,False,
occupation_type_employee_129003,Director De Explotacion De Minas Y Canteras,129003,True,True,False,
occupation_type_employee_129007,Super Intendente De Planta,129007,True,True,False,
occupation_type_employee_129008,Super Intendente De Produccion,129008,True,True,False,
occupation_type_employee_131001,"Director De Departamento, Produccion Y Operaciones/Construc",131001,True,True,False,
occupation_type_employee_132001,"Director De Departamento, Produccion Y Operaciones/Comercio Mayorista",132001,True,True,False,
occupation_type_employee_132002,"Director De Departamento, Produccion Y Operaciones/Comercio Mayorista Exportación",132002,True,True,False,
occupation_type_employee_132003,"Director De Departamento, Produccion Y Operaciones/Comercio Mayorista Importación",132003,True,True,False,
occupation_type_employee_132004,"Director De Departamento, Produccion Y Operaciones/Comercio Minorista",132004,True,True,False,
occupation_type_employee_132005,"Director De Departamento, Produccion Y Operaciones/Comercio Minorista Supermercados",132005,True,True,False,
occupation_type_employee_132006,"Director De Departamento, Produccion Y Operaciones/Comercio Minorista Tiendas",132006,True,True,False,
occupation_type_employee_132007,"Director De Departamento, Produccion Y Operaciones/Reparac.",132007,True,True,False,
occupation_type_employee_133001,"Director De Departamento, Produccion Y Operaciones/Hoteles",133001,True,True,False,
occupation_type_employee_133002,"Director De Departamento, Produccion Y Operaciones/Restaura",133002,True,True,False,
occupation_type_employee_134001,"Director De Departamento, Produccion Y Operaciones/Almacena",134001,True,True,False,
occupation_type_employee_134002,"Director De Departamento, Produccion Y Operaciones/Comunicaciones",134002,True,True,False,
occupation_type_employee_134003,"Director De Departamento, Produccion Y Operaciones/Comunicaciones Correos",134003,True,True,False,
occupation_type_employee_134004,"Director De Departamento, Produccion Y Operaciones/Comunicaciones Telecomunicaciones",134004,True,True,False,
occupation_type_employee_134005,"Director De Departamento, Produccion Y Operaciones/Transporte",134005,True,True,False,
occupation_type_employee_134006,"Director De Departamento, Produccion Y Operaciones/Transporte Gasoductos Y Oleoductos",134006,True,True,False,
occupation_type_employee_134007,"Director De Departamento, Produccion Y Operaciones/Transporte Mercancías",134007,True,True,False,
occupation_type_employee_134008,"Director De Departamento, Produccion Y Operaciones/Transporte Pasajeros",134008,True,True,False,
occupation_type_employee_135001,"Director De Departamento, Produccion Y Operaciones/Actividades Culturales",135001,True,True,False,
occupation_type_employee_135002,"Director De Departamento, Produccion Y Operaciones/Actividades Deportivas",135002,True,True,False,
occupation_type_employee_135003,"Director De Departamento, Produccion Y Operaciones/Actividades Recreativas",135003,True,True,False,
occupation_type_employee_135004,"Director De Departamento, Produccion Y Operaciones/Administ",135004,True,True,False,
occupation_type_employee_135005,"Director De Departamento, Produccion Y Operaciones/Agencias",135005,True,True,False,
occupation_type_employee_135006,"Director De Departamento, Produccion Y Operaciones/Espectac",135006,True,True,False,
occupation_type_employee_135007,"Director De Departamento, Produccion Y Operaciones/Instituc",135007,True,True,False,
occupation_type_employee_135008,"Director De Departamento, Produccion Y Operaciones/Salud",135008,True,True,False,
occupation_type_employee_135009,"Director De Departamento, Produccion Y Operaciones/Servicio",135009,True,True,False,
occupation_type_employee_135010,"Director De Departamento, Produccion Y Operaciones/Trabajo",135010,True,True,False,
occupation_type_employee_135011,"Director De Plato, Cine",135011,True,True,False,
occupation_type_employee_135012,Director Teatral,135012,True,True,False,
occupation_type_employee_135013,"Director, Musical",135013,True,True,False,
occupation_type_employee_135014,"Productor, Cine",135014,True,True,False,
occupation_type_employee_135015,"Productor, Radio",135015,True,True,False,
occupation_type_employee_135016,"Productor, Teatro",135016,True,True,False,
occupation_type_employee_135017,"Productor, Television",135017,True,True,False,
occupation_type_employee_135018,"Regidor, Teatro",135018,True,True,False,
occupation_type_employee_136006,Director De Estudios,136006,True,True,False,
occupation_type_employee_136009,Director De La Unidad De Servicios Educativos,136009,True,True,False,
occupation_type_employee_136011,Director Universitario,136011,True,True,False,
occupation_type_employee_137001,"Director De Departamento, Administracion",137001,True,True,False,
occupation_type_employee_137002,"Director De Departamento, Contabilidad",137002,True,True,False,
occupation_type_employee_137003,"Director De Departamento, Finanzas/Gerente",137003,True,True,False,
occupation_type_employee_137004,"Director De Departamento, Presupuesto",137004,True,True,False,
occupation_type_employee_138001,"Director De Departamento, Personal",138001,True,True,False,
occupation_type_employee_138002,"Director De Departamento, Publicidad",138002,True,True,False,
occupation_type_employee_138003,"Director De Departamento, Relaciones Industriales",138003,True,True,False,
occupation_type_employee_138004,"Director De Departamento, Relaciones Laborales",138004,True,True,False,
occupation_type_employee_138005,"Director De Departamento, Relaciones Publicas",138005,True,True,False,
occupation_type_employee_139001,"Director De Departamento, Abastecimiento/Suministro",139001,True,True,False,
occupation_type_employee_139002,"Director De Departamento, Almacenamiento",139002,True,True,False,
occupation_type_employee_139003,"Director De Departamento, Comercializacion",139003,True,True,False,
occupation_type_employee_139004,"Director De Departamento, Compras/Adquisicion",139004,True,True,False,
occupation_type_employee_139005,"Director De Departamento, Distribucion",139005,True,True,False,
occupation_type_employee_139006,"Director De Departamento, Informatica",139006,True,True,False,
occupation_type_employee_139007,"Director De Departamento, Investigacion Y Desarrollo",139007,True,True,False,
occupation_type_employee_139008,"Director De Departamento, Ventas",139008,True,True,False,
occupation_type_employee_139009,"Director De Departamento, Ventas/ Organizacion",139009,True,True,False,
occupation_type_employee_144001,"Comerciante, Mayorista",144001,True,True,False,
occupation_type_employee_144002,"Comerciante, Minorista",144002,True,True,False,
occupation_type_employee_145001,"Administrador, Comercio Nep",145001,True,True,False,
occupation_type_employee_145002,"Director, Comercio Nep",145002,True,True,False,
occupation_type_employee_148001,"Geren.-Adm., Agencia De Limpieza Y Desinfeccion",148001,True,True,False,
occupation_type_employee_148002,"Geren.-Adm., Agencia De Pompas Funebres",148002,True,True,False,
occupation_type_employee_148003,"Geren.-Adm., Agencia De Proteccion Y Seguridad",148003,True,True,False,
occupation_type_employee_148004,"Geren.-Adm., Agencia De Turismo/Excursiones",148004,True,True,False,
occupation_type_employee_148005,"Geren.-Adm., Agencia De Servicios/Excepto:Bares, Hotel Y Si",148005,True,True,False,
occupation_type_employee_148006,"Geren.-Adm., Centro De Estetica",148006,True,True,False,
occupation_type_employee_148007,"Geren.-Adm., Centro De Recreacion",148007,True,True,False,
occupation_type_employee_148008,"Geren.-Adm., Gimnasio",148008,True,True,False,
occupation_type_employee_148009,"Geren.-Adm., Lavanderia",148009,True,True,False,
occupation_type_employee_148010,"Geren.-Adm., Talleres/Medianos Y Pequeðos",148010,True,True,False,
occupation_type_employee_254009,"Asesor, Legal O Juridico",254009,True,True,False,
occupation_type_employee_255011,"Presidente, Tribunal De Justicia",255011,True,True,False,
occupation_type_employee_274011,Director De Produccion (Radio Y T.V.),274011,True,True,False,
occupation_type_employee_274015,"Director, Teatro",274015,True,True,False,
occupation_type_employee_274016,"Empresario, Cine",274016,True,True,False,
occupation_type_employee_283003,Representantes De Organismos Internacionales,283003,True,True,False,
occupation_type_employee_332002,"Capitan, Altura",332002,True,True,False,
occupation_type_employee_332003,"Capitan, Barco/Navegacion Fluvial O Lacustre",332003,True,True,False,
occupation_type_employee_332004,"Capitan, Barco/Navegacion Maritima",332004,True,True,False,
occupation_type_employee_332005,"Capitan, Buque",332005,True,True,False,
occupation_type_employee_332006,"Capitan, Marina Mercante/Barco",332006,True,True,False,
occupation_type_employee_332007,"Capitan, Pesca",332007,True,True,False,
occupation_type_employee_332008,"Capitan, Puerto",332008,True,True,False,
occupation_type_employee_332009,"Capitan, Remolcador",332009,True,True,False,
occupation_type_employee_332010,"Capitan, Yate",332010,True,True,False,
occupation_type_employee_332011,"Comandante, Barco/Navegacion Maritima",332011,True,True,False,
occupation_type_employee_332012,"Comandante, Barco/Navegacion Interior (Lagos, Rios)",332012,True,True,False,
occupation_type_employee_332027,"Superintendente, Armamento/Cubierta (Buques)",332027,True,True,False,
occupation_type_employee_333001,"Comandante, Aeronave",333001,True,True,False,
occupation_type_employee_411001,Jefe De Abastecimiento,411001,True,True,False,
occupation_type_employee_411002,Jefe De Almacen,411002,True,True,False,
occupation_type_employee_411003,Jefe De Archivo Y Correspondencia,411003,True,True,False,
occupation_type_employee_411004,Jefe De Bienestar Social,411004,True,True,False,
occupation_type_employee_411005,"Jefe De Empleados De Oficina, Otros",411005,True,True,False,
occupation_type_employee_411006,Jefe De Personal Administrativo,411006,True,True,False,
occupation_type_employee_411008,Coordinador,411008,True,True,False,
occupation_type_employee_413012,"Secretaria, Ejecutiva/Bilingue",413012,True,True,False,
occupation_type_employee_431001,Jefe De Estacion De Ferrocarril,431001,True,True,False,
occupation_type_employee_432003,Jefe De Movimiento De Trenes,432003,True,True,False,
occupation_type_employee_432004,"Jefe De Trafico, Ferrocarriles",432004,True,True,False,
occupation_type_employee_433001,Jefe De Servicios De Transporte Por Carretera,433001,True,True,False,
occupation_type_employee_434001,Jefe De Escala De Transporte Aereo,434001,True,True,False,
occupation_type_employee_434002,Jefe De Operaciones De Vuelo Transporte Aereo,434002,True,True,False,
occupation_type_employee_435001,Jefe De Tren De Pasajeros,435001,True,True,False,
occupation_type_employee_441001,Jefe De Oficina De Correo,441001,True,True,False,
occupation_type_employee_441002,Jefe De Servicios De Correo,441002,True,True,False,
occupation_type_employee_441003,Jefe De Servicios De Postales,441003,True,True,False,
occupation_type_employee_441004,Jefe De Servicios De Telecomunicaciones,441004,True,True,False,
occupation_type_employee_129009,Supervisor De Produccion,129009,True,True,True,
occupation_type_employee_259001,"Archivero, De Biblioteca Y Servicios De Archivos",259001,True,True,True,
occupation_type_employee_259002,"Archivero, Paleologo",259002,True,True,True,
occupation_type_employee_269018,Visitador Social,269018,True,True,True,
occupation_type_employee_269019,"Visitador, Prisiones",269019,True,True,True,
occupation_type_employee_271001,Acuarelista,271001,True,True,True,
occupation_type_employee_271002,Artista Comercial,271002,True,True,True,
occupation_type_employee_271003,Artista Creativo,271003,True,True,True,
occupation_type_employee_271004,Artista Pintor,271004,True,True,True,
occupation_type_employee_271005,Caricaturista,271005,True,True,True,
occupation_type_employee_271006,Ceramista Artistico,271006,True,True,True,
occupation_type_employee_271007,"Creador, Dibujos Animados",271007,True,True,True,
occupation_type_employee_271008,"Creador, Modelos/Joyeria Y Orfebreria",271008,True,True,True,
occupation_type_employee_271009,"Dibujante, Caricaturista",271009,True,True,True,
occupation_type_employee_271010,"Dibujante, Dibujos Animados",271010,True,True,True,
occupation_type_employee_271011,"Dibujante, Diseño Industrial",271011,True,True,True,
occupation_type_employee_271012,"Dibujante, Joyeria Y Orfebreria",271012,True,True,True,
occupation_type_employee_271013,"Dibujante, Publicidad",271013,True,True,True,
occupation_type_employee_271014,Escultor,271014,True,True,True,
occupation_type_employee_271015,Estatuario,271015,True,True,True,
occupation_type_employee_271016,Grabador Artistico,271016,True,True,True,
occupation_type_employee_271017,Imaginero,271017,True,True,True,
occupation_type_employee_271018,Maquetista,271018,True,True,True,
occupation_type_employee_271019,Miniaturista,271019,True,True,True,
occupation_type_employee_271020,Orfebre Artista,271020,True,True,True,
occupation_type_employee_271021,Paisajista,271021,True,True,True,
occupation_type_employee_271022,Pastelista,271022,True,True,True,
occupation_type_employee_271023,"Pintor, Agua Fuerte",271023,True,True,True,
occupation_type_employee_271024,"Pintor, Pintura Abstracta",271024,True,True,True,
occupation_type_employee_271025,"Pintor, Pintura Figurativa",271025,True,True,True,
occupation_type_employee_271027,"Restaurador, Cuadros",271027,True,True,True,
occupation_type_employee_271028,"Restaurador, Obras De Arte",271028,True,True,True,
occupation_type_employee_271029,Retratista,271029,True,True,True,
occupation_type_employee_272001,Adaptador Musical,272001,True,True,True,
occupation_type_employee_272002,Armonista,272002,True,True,True,
occupation_type_employee_272003,Arpista,272003,True,True,True,
occupation_type_employee_272004,Artista Lirico,272004,True,True,True,
occupation_type_employee_272005,Bajo,272005,True,True,True,
occupation_type_employee_272006,Bajonista,272006,True,True,True,
occupation_type_employee_272007,Baritono,272007,True,True,True,
occupation_type_employee_272008,Baterista,272008,True,True,True,
occupation_type_employee_272009,Cantante,272009,True,True,True,
occupation_type_employee_272010,"Cantante, Concierto",272010,True,True,True,
occupation_type_employee_272011,"Cantante, Coral",272011,True,True,True,
occupation_type_employee_272012,"Cantante, Jazz",272012,True,True,True,
occupation_type_employee_272013,"Cantante, Musica Popular",272013,True,True,True,
occupation_type_employee_272014,"Cantante, Opera",272014,True,True,True,
occupation_type_employee_272015,Citarista,272015,True,True,True,
occupation_type_employee_272016,Clarinetista,272016,True,True,True,
occupation_type_employee_272017,Clavecinista,272017,True,True,True,
occupation_type_employee_272018,Compositor,272018,True,True,True,
occupation_type_employee_272019,"Concertador, Coros",272019,True,True,True,
occupation_type_employee_272020,Concertista Cantante,272020,True,True,True,
occupation_type_employee_272021,Concertista Instrumentista,272021,True,True,True,
occupation_type_employee_272022,Contrabajo,272022,True,True,True,
occupation_type_employee_272023,Contralto,272023,True,True,True,
occupation_type_employee_272024,"Copista, Musica",272024,True,True,True,
occupation_type_employee_272025,Corista,272025,True,True,True,
occupation_type_employee_272028,"Ejecutante, Musico",272028,True,True,True,
occupation_type_employee_272029,Fagotista,272029,True,True,True,
occupation_type_employee_272030,Flautista,272030,True,True,True,
occupation_type_employee_272031,Guitarrista,272031,True,True,True,
occupation_type_employee_272032,Instrumentista,272032,True,True,True,
occupation_type_employee_272034,Oboista,272034,True,True,True,
occupation_type_employee_272035,Organista,272035,True,True,True,
occupation_type_employee_272036,Orquestador,272036,True,True,True,
occupation_type_employee_272037,Percusionista,272037,True,True,True,
occupation_type_employee_272038,Pianista,272038,True,True,True,
occupation_type_employee_272039,Saxofonista,272039,True,True,True,
occupation_type_employee_272041,Tamborilero,272041,True,True,True,
occupation_type_employee_272043,Trombonista,272043,True,True,True,
occupation_type_employee_272044,Trompetista,272044,True,True,True,
occupation_type_employee_272045,Violinista,272045,True,True,True,
occupation_type_employee_272046,Violonchelista,272046,True,True,True,
occupation_type_employee_272047,"Otros, Compositores, Musicos Y Cantantes",272047,True,True,True,
occupation_type_employee_273001,Bailarin,273001,True,True,True,
occupation_type_employee_273002,Bailarines De Danza Clasica Y Moderna,273002,True,True,True,
occupation_type_employee_273003,"Bailarin, Ballet",273003,True,True,True,
occupation_type_employee_273004,"Bailarin, Solista",273004,True,True,True,
occupation_type_employee_273005,Bailarina,273005,True,True,True,
occupation_type_employee_273006,Coreografo,273006,True,True,True,
occupation_type_employee_274001,Actor,274001,True,True,True,
occupation_type_employee_274002,"Actor, Cine",274002,True,True,True,
occupation_type_employee_274003,"Actor, Teatro",274003,True,True,True,
occupation_type_employee_274004,Actriz,274004,True,True,True,
occupation_type_employee_274005,"Actriz, Cine",274005,True,True,True,
occupation_type_employee_274006,"Actriz, Teatro",274006,True,True,True,
occupation_type_employee_274007,Caricato,274007,True,True,True,
occupation_type_employee_274008,Comediante,274008,True,True,True,
occupation_type_employee_274017,"Imitador, Cabaret",274017,True,True,True,
occupation_type_employee_274018,"Lector, Radio O Television",274018,True,True,True,
occupation_type_employee_274019,Mimo,274019,True,True,True,
occupation_type_employee_274021,"Recitador, Excepto Radio O Television",274021,True,True,True,
occupation_type_employee_274024,Tragico,274024,True,True,True,
occupation_type_employee_274025,"Otros, Actores Y Directores De Cine, Radio, Teatro, Televis",274025,True,True,True,
occupation_type_employee_311001,"Tecnico, Analista Quimico",311001,True,True,True,
occupation_type_employee_311002,"Tecnico, Astronomia",311002,True,True,True,
occupation_type_employee_311003,"Tecnico, Fisica/Investigacion (Ciencias Fisicas)",311003,True,True,True,
occupation_type_employee_311004,"Tecnico, Geofisica",311004,True,True,True,
occupation_type_employee_311005,"Tecnico, Geologia",311005,True,True,True,
occupation_type_employee_311006,"Tecnico, Laboratorista Fisico O Quimico",311006,True,True,True,
occupation_type_employee_311007,"Tecnico, Meteorologia",311007,True,True,True,
occupation_type_employee_311008,"Tecnico, Oceanografia",311008,True,True,True,
occupation_type_employee_311009,"Tecnico, Quimica/Investigacion (Ciencias Quimicas)",311009,True,True,True,
occupation_type_employee_311010,"Tecnico, Especialista En Fisico-Quimica",311010,True,True,True,
occupation_type_employee_312001,"Aparejador, Ingenieria Civil",312001,True,True,True,
occupation_type_employee_312002,"Tecnico Calculista, Ingenieria Civil/Costo De Construccion",312002,True,True,True,
occupation_type_employee_312003,"Tecnico, Agrimensor",312003,True,True,True,
occupation_type_employee_312004,"Tecnico, Auxiliar De Arquitectura",312004,True,True,True,
occupation_type_employee_312005,"Tecnico, Cartografo",312005,True,True,True,
occupation_type_employee_312006,"Tecnico, Fotogrametrista Y Aerofotogrametrista",312006,True,True,True,
occupation_type_employee_312007,"Tecnico, Ingenieria Civil",312007,True,True,True,
occupation_type_employee_312008,"Tecnico, Ingenieria Civil/Construccion De Viviendas Y Edifi",312008,True,True,True,
occupation_type_employee_312009,"Tecnico, Ingenieria Civil/Contratista (Construccion)",312009,True,True,True,
occupation_type_employee_312010,"Tecnico, Ingenieria Civil/Estructuras",312010,True,True,True,
occupation_type_employee_312011,"Tecnico, Ingenieria Civil/Hidraulica",312011,True,True,True,
occupation_type_employee_312012,"Tecnico, Ingenieria Civil/Irrigacion",312012,True,True,True,
occupation_type_employee_312013,"Tecnico, Ingenieria Civil/Mecanica De Suelos",312013,True,True,True,
occupation_type_employee_312014,"Tecnico, Ingenieria Civil/Sanitaria",312014,True,True,True,
occupation_type_employee_313001,"Tecnico, Electricista",313001,True,True,True,
occupation_type_employee_313002,"Tecnico Electricista, Alta Tension",313002,True,True,True,
occupation_type_employee_313003,"Tecnico Electricista, Energia Electrica/Distribucion",313003,True,True,True,
occupation_type_employee_313004,"Tecnico Electricista, Radio Y/O T.V.",313004,True,True,True,
occupation_type_employee_313005,"Tecnico Electricista, Iluminacion",313005,True,True,True,
occupation_type_employee_313006,"Tecnico Electricista, Sonido",313006,True,True,True,
occupation_type_employee_313007,"Tecnico, Ingenieria Electrica",313007,True,True,True,
occupation_type_employee_313008,"Tecnico Calculista, Ingenieria Electronica",313008,True,True,True,
occupation_type_employee_313009,"Tecnico, Ingenieria Electronica",313009,True,True,True,
occupation_type_employee_313010,"Tecnico, Sistemas Electricos De Aeronaves",313010,True,True,True,
occupation_type_employee_313011,"Tecnico, Telecomunicaciones",313011,True,True,True,
occupation_type_employee_313012,"Tecnico, Operador De Radar",313012,True,True,True,
occupation_type_employee_313013,"Tecnico, Telecomunicaciones/Radio",313013,True,True,True,
occupation_type_employee_313014,"Tecnico, Telecomunicaciones/Sistemas De Seðales",313014,True,True,True,
occupation_type_employee_313015,"Tecnico, Telecomunicaciones/Telefono",313015,True,True,True,
occupation_type_employee_313016,"Tecnico, Telecomunicaciones/Telegrafo",313016,True,True,True,
occupation_type_employee_313017,"Tecnico, Telecomunicaciones/Television",313017,True,True,True,
occupation_type_employee_314001,"Tecnico Calculista, Construccion Mecanica",314001,True,True,True,
occupation_type_employee_314002,Tecnico Aeronautico,314002,True,True,True,
occupation_type_employee_314003,"Tecnico Inspector, Naval",314003,True,True,True,
occupation_type_employee_314004,"Tecnico Inspector, Naval/Buques",314004,True,True,True,
occupation_type_employee_314005,Tecnico Mecanico,314005,True,True,True,
occupation_type_employee_314006,"Tecnico Mecanico, Acondicionamiento De Aire",314006,True,True,True,
occupation_type_employee_314007,"Tecnico Mecanico, Aeronautica",314007,True,True,True,
occupation_type_employee_314008,"Tecnico Mecanico, Agricultura",314008,True,True,True,
occupation_type_employee_314009,"Tecnico Mecanico, Automoviles",314009,True,True,True,
occupation_type_employee_314010,"Tecnico Mecanico, Calefaccion, Refrigeracion Y Ventilacion",314010,True,True,True,
occupation_type_employee_314011,"Tecnico Mecanico, Construccion Naval",314011,True,True,True,
occupation_type_employee_314012,"Tecnico Mecanico, Energia Nuclear",314012,True,True,True,
occupation_type_employee_314013,"Tecnico Mecanico, Instructor De Vehiculos Automotores",314013,True,True,True,
occupation_type_employee_314014,"Tecnico Mecanico, Instrumentos",314014,True,True,True,
occupation_type_employee_314015,"Tecnico Mecanico, Lubricacion",314015,True,True,True,
occupation_type_employee_314016,"Tecnico Mecanico, Maquinaria Y Herramientas Industriales",314016,True,True,True,
occupation_type_employee_314017,"Tecnico Mecanico, Mantenimiento De Avion",314017,True,True,True,
occupation_type_employee_314018,"Tecnico Mecanico, Motores",314018,True,True,True,
occupation_type_employee_314019,"Tecnico Mecanico, Motores De Combustion Interna",314019,True,True,True,
occupation_type_employee_314020,"Tecnico Mecanico, Motores De Locomotoras",314020,True,True,True,
occupation_type_employee_314021,"Tecnico Mecanico, Motores De Propulsion A Chorro",314021,True,True,True,
occupation_type_employee_314022,"Tecnico Mecanico, Motores Diesel",314022,True,True,True,
occupation_type_employee_314023,"Tecnico Mecanico, Sistemas Hidraulicos",314023,True,True,True,
occupation_type_employee_314024,"Tecnico Mecanico, Turbinas De Gas",314024,True,True,True,
occupation_type_employee_314025,"Tecnico, Acondicionamiento De Aire",314025,True,True,True,
occupation_type_employee_314026,"Verificador, Naval",314026,True,True,True,
occupation_type_employee_315001,"Estimador, Quimica Industrial",315001,True,True,True,
occupation_type_employee_315002,"Tecnico, Fibra Textil (De Ing. Textil)",315002,True,True,True,
occupation_type_employee_315003,"Tecnico, Petroquimica",315003,True,True,True,
occupation_type_employee_315004,"Tecnico, Quimica Industrial",315004,True,True,True,
occupation_type_employee_315005,"Tecnico, Quimico Industrial/Caucho",315005,True,True,True,
occupation_type_employee_315006,"Tecnico, Quimica Industrial/Gas",315006,True,True,True,
occupation_type_employee_315007,"Tecnico, Quimica Industrial/Plasticos",315007,True,True,True,
occupation_type_employee_315008,"Tecnico, Quimica Industrial/Petroleo",315008,True,True,True,
occupation_type_employee_315009,"Tecnico, Quimica Industrial/Procesos Quimicos",315009,True,True,True,
occupation_type_employee_315010,"Tecnico, Quimica Industrial/Produccion Y Distribucion De Ga",315010,True,True,True,
occupation_type_employee_315011,"Tecnico, Quimica Industrial/Refinacion Del Petroleo",315011,True,True,True,
occupation_type_employee_316001,"Acidificador, Pozos De Petroleo Y Gas",316001,True,True,True,
occupation_type_employee_316002,"Técnico, Cementador, Pozos De Petroleo Y Gas",316002,True,True,True,
occupation_type_employee_316003,"Desincrustador, Pozos De Petroleo Y Gas",316003,True,True,True,
occupation_type_employee_316004,"Pegador, Pozos De Petroleo Y Gas",316004,True,True,True,
occupation_type_employee_316005,"Tecnico, Acidificacion/Pozos",316005,True,True,True,
occupation_type_employee_316006,"Tecnico, Extraccion/Carbon",316006,True,True,True,
occupation_type_employee_316007,"Tecnico, Extraccion/Gas (Sondeo De Pozos)",316007,True,True,True,
occupation_type_employee_316008,"Tecnico, Extraccion/Metales",316008,True,True,True,
occupation_type_employee_316009,"Tecnico, Extraccion/Petroleo Y Gas Natural",316009,True,True,True,
occupation_type_employee_316010,"Tecnico, Metalurgia/Ensayador De Metales",316010,True,True,True,
occupation_type_employee_316011,"Tecnico, Metalurgia/Extraccion",316011,True,True,True,
occupation_type_employee_316012,"Tecnico, Metalurgia/Siderurgica",316012,True,True,True,
occupation_type_employee_316013,"Tecnico, Metalurgia/Fundicion",316013,True,True,True,
occupation_type_employee_316014,"Tecnico, Metalurgia/Tratamiento Y/O Produccion De Metales",316014,True,True,True,
occupation_type_employee_316015,"Tecnico, Mineria",316015,True,True,True,
occupation_type_employee_316016,"Tecnico, Sondeo/Pozos De Petroleo Y Gas",316016,True,True,True,
occupation_type_employee_317001,Delineante,317001,True,True,True,
occupation_type_employee_317002,"Delineante, Arquitectura",317002,True,True,True,
occupation_type_employee_317003,"Delineante, Cartografia",317003,True,True,True,
occupation_type_employee_317004,"Delineante, Geologia",317004,True,True,True,
occupation_type_employee_317005,"Delineante, Ilustraciones Tecnicas",317005,True,True,True,
occupation_type_employee_317006,"Delineante, Industrial",317006,True,True,True,
occupation_type_employee_317007,"Delineante, Ingenieria Aeronautica",317007,True,True,True,
occupation_type_employee_317008,"Delineante, Ingenieria Civil",317008,True,True,True,
occupation_type_employee_317009,"Delineante, Ingenieria De Edificios",317009,True,True,True,
occupation_type_employee_317010,"Delineante, Ingenieria De Sistemas De Calefaccion Y Ventila",317010,True,True,True,
occupation_type_employee_317011,"Delineante, Ingenieria Electrica",317011,True,True,True,
occupation_type_employee_317012,"Delineante, Ingenieria Electronica",317012,True,True,True,
occupation_type_employee_317013,"Delineante, Ingenieria Mecanica",317013,True,True,True,
occupation_type_employee_317014,"Delineante, Ingenieria Naval",317014,True,True,True,
occupation_type_employee_317015,"Delineante, Litografia",317015,True,True,True,
occupation_type_employee_317016,"Delineante, Matrices Y Herramientas",317016,True,True,True,
occupation_type_employee_317017,"Delineante, Tecnico",317017,True,True,True,
occupation_type_employee_317018,"Dibujante, Ilustraciones Tecnicas",317018,True,True,True,
occupation_type_employee_317019,"Dibujante, Proyectista/Artes Graficas",317019,True,True,True,
occupation_type_employee_317020,"Delineante, Dibujantes/Otros",317020,True,True,True,
occupation_type_employee_317021,Supervisor De Artes Graficas,317021,True,True,True,
occupation_type_employee_318001,"Tecnico, Alimentos",318001,True,True,True,
occupation_type_employee_318002,"Tecnico, Calculo De Costos Y Cantidades",318002,True,True,True,
occupation_type_employee_318003,"Tecnico, Ceramica",318003,True,True,True,
occupation_type_employee_318004,"Tecnico, Cueros Y Pieles",318004,True,True,True,
occupation_type_employee_318005,"Tecnico, Eficiencia Industrial",318005,True,True,True,
occupation_type_employee_318006,"Tecnico, Estudio Del Trabajo",318006,True,True,True,
occupation_type_employee_318007,"Tecnico, Ingenieria/Estudio De Tiempos Y Movimientos",318007,True,True,True,
occupation_type_employee_318008,"Tecnico, Ingenieria/Metodos",318008,True,True,True,
occupation_type_employee_318009,"Tecnico, Ingenieria/Organizacion Industrial",318009,True,True,True,
occupation_type_employee_318010,"Tecnico, Ingenieria/Planificacion",318010,True,True,True,
occupation_type_employee_318011,"Tecnico, Ingenieria/Seguridad E Higiene Industrial",318011,True,True,True,
occupation_type_employee_318012,"Tecnico, Ingenieria/Produccion",318012,True,True,True,
occupation_type_employee_318013,"Tecnico, Papel",318013,True,True,True,
occupation_type_employee_318014,"Tecnico, Pesqueria",318014,True,True,True,
occupation_type_employee_318015,"Tecnico, Sistemas/Excepto Informaticos",318015,True,True,True,
occupation_type_employee_318016,"Tecnico En La Industria, Otros",318016,True,True,True,
occupation_type_employee_319001,Tecnico En Estadistica,319001,True,True,True,
occupation_type_employee_319002,"Tecnico, En Matematica",319002,True,True,True,
occupation_type_employee_319003,"Tecnico En Estadistica O Matematica, Otros",319003,True,True,True,
occupation_type_employee_319004,"Programador, Codificador De Los Programas",319004,True,True,True,
occupation_type_employee_319005,"Programador, Desarrollo De La Logica Del Proceso",319005,True,True,True,
occupation_type_employee_319006,"Programador, Informatica/Por Computadora",319006,True,True,True,
occupation_type_employee_319007,"Programador, Informatica/Analisis De Base De Datos",319007,True,True,True,
occupation_type_employee_319008,"Programador, Informatica/Analisis De Sistemas",319008,True,True,True,
occupation_type_employee_319009,"Programador, Prueba Y Ejecucion Del Programa En Computadora",319009,True,True,True,
occupation_type_employee_319010,"Tecnico, Analisis Informatico",319010,True,True,True,
occupation_type_employee_319011,"Tecnico, Programacion Por Computadoras",319011,True,True,True,
occupation_type_employee_319012,"Tecnico, Servicios Informaticos Para Usuarios",319012,True,True,True,
occupation_type_employee_321001,"Operador, Equipos Informaticos/Computadoras",321001,True,True,True,
occupation_type_employee_321002,"Operador, Equipos Informaticos/Unidades Perifericas (Impres",321002,True,True,True,
occupation_type_employee_321003,"Operador, Almacenamiento De Datos",321003,True,True,True,
occupation_type_employee_321004,"Operador, Proceso De Aplicaciones Catalogadas",321004,True,True,True,
occupation_type_employee_321005,"Tecnico, Control De Equipos Informaticos",321005,True,True,True,
occupation_type_employee_322001,"Ayudante De Direccion, Cine",322001,True,True,True,
occupation_type_employee_322002,"Ayudante, Direccion Cinematografica",322002,True,True,True,
occupation_type_employee_322003,Camarografo,322003,True,True,True,
occupation_type_employee_322004,"Camarografo, Cinematografo",322004,True,True,True,
occupation_type_employee_322005,"Camarografo, Television",322005,True,True,True,
occupation_type_employee_322006,Cineasta,322006,True,True,True,
occupation_type_employee_322007,Fotografo,322007,True,True,True,
occupation_type_employee_322008,Fotografo Aereo,322008,True,True,True,
occupation_type_employee_322009,Fotografo Comercial,322009,True,True,True,
occupation_type_employee_322010,Fotografo Industrial,322010,True,True,True,
occupation_type_employee_322011,Fotografo Medico,322011,True,True,True,
occupation_type_employee_322012,Fotografo Publicitario,322012,True,True,True,
occupation_type_employee_322013,Fotografo Retratista,322013,True,True,True,
occupation_type_employee_322014,"Fotografo, Arquitectura",322014,True,True,True,
occupation_type_employee_322015,"Fotografo, Ilustracion Comercial",322015,True,True,True,
occupation_type_employee_322016,"Fotografo, Microfotografia",322016,True,True,True,
occupation_type_employee_322017,"Fotografo, Modas",322017,True,True,True,
occupation_type_employee_322018,"Fotografo, Policia",322018,True,True,True,
occupation_type_employee_322019,"Fotografo, Prensa",322019,True,True,True,
occupation_type_employee_322020,Montajista,322020,True,True,True,
occupation_type_employee_322021,"Operador, Camara De Cine",322021,True,True,True,
occupation_type_employee_322022,"Operador, Camara De Television",322022,True,True,True,
occupation_type_employee_322023,"Operador, Equipo Audio/Radio",322023,True,True,True,
occupation_type_employee_322024,"Operador, Equipo Audio/Television",322024,True,True,True,
occupation_type_employee_322025,"Operador, Equipo De Sonorizacion, Cine",322025,True,True,True,
occupation_type_employee_322026,"Operador, Equipo De Radio Y Television",322026,True,True,True,
occupation_type_employee_322027,"Operador, Grabacion De Sonido",322027,True,True,True,
occupation_type_employee_322028,"Operador, Grabacion De Sonido/Discos",322028,True,True,True,
occupation_type_employee_322029,"Operador, Grabacion De Sonido/Radio",322029,True,True,True,
occupation_type_employee_322030,"Operador, Grabacion De Sonido/Television",322030,True,True,True,
occupation_type_employee_322031,Reportero Grafico/Fotografo Reportero,322031,True,True,True,
occupation_type_employee_322032,Tecnico En Audio Visuales,322032,True,True,True,
occupation_type_employee_322033,"Tecnico, Efectos Sonoros/Cine",322033,True,True,True,
occupation_type_employee_322034,"Tecnico, Equipo De Sonorizacion/Radio",322034,True,True,True,
occupation_type_employee_322035,"Tecnico, Equipo De Sonorizacion/Television",322035,True,True,True,
occupation_type_employee_322036,"Tecnico, Equipo De Grabacion/Cinta Magnetica",322036,True,True,True,
occupation_type_employee_322037,"Tecnico, Equipo De Grabacion/Discos Digitales",322037,True,True,True,
occupation_type_employee_322038,"Tecnico, Equipo De Grabacion/Efectos Sonoros",322038,True,True,True,
occupation_type_employee_322039,"Tecnico, Equipo De Grabacion/Hilo Magnetico",322039,True,True,True,
occupation_type_employee_322040,"Tecnico, Equipo De Grabacion/Sonido",322040,True,True,True,
occupation_type_employee_322041,"Tecnico, Equipo De Grabacion/Video",322041,True,True,True,
occupation_type_employee_322042,"Tecnico, Equipo De Radio Y Television",322042,True,True,True,
occupation_type_employee_322043,"Tecnico, Material De Doblaje",322043,True,True,True,
occupation_type_employee_322044,"Tecnico, Pruebas De Sonido/Sonidista",322044,True,True,True,
occupation_type_employee_323001,"Luminotecnico, Television",323001,True,True,True,
occupation_type_employee_323002,"Operador, Cabina De Proyeccion/Cinematografia",323002,True,True,True,
occupation_type_employee_323003,"Operador, Equipo De Amplificacion De Sonido",323003,True,True,True,
occupation_type_employee_323004,"Operador, Equipo De Difusion/Telefilmes",323004,True,True,True,
occupation_type_employee_323005,"Operador, Equipo De Difusion/Television",323005,True,True,True,
occupation_type_employee_323006,"Operador, Equipo De Difusion/Video",323006,True,True,True,
occupation_type_employee_323007,"Operador, Equipo De Radiodifusion",323007,True,True,True,
occupation_type_employee_323008,"Operador, Equipo De Radiotelefonia/Estaciones Terrestres",323008,True,True,True,
occupation_type_employee_323009,"Operador, Equipo Moviles De Radiodifusion Y Television",323009,True,True,True,
occupation_type_employee_323010,"Operador, Estacion Emisora De Radio",323010,True,True,True,
occupation_type_employee_323011,"Operador, Estacion Emisora De Television",323011,True,True,True,
occupation_type_employee_323012,"Operador, Estudios De Radio",323012,True,True,True,
occupation_type_employee_323013,"Operador, Estudios De Television",323013,True,True,True,
occupation_type_employee_323014,"Operador, Microfonos",323014,True,True,True,
occupation_type_employee_323015,"Operador, Radar",323015,True,True,True,
occupation_type_employee_323016,"Operador, Radio/Navegacion Aerea",323016,True,True,True,
occupation_type_employee_323017,"Operador, Radio/Navegacion Maritima",323017,True,True,True,
occupation_type_employee_323018,"Operador, Telecomunicaciones",323018,True,True,True,
occupation_type_employee_323019,"Operador, Transmisores/Radio",323019,True,True,True,
occupation_type_employee_323020,"Operador, Transmisores/Television",323020,True,True,True,
occupation_type_employee_323021,"Operador-Jefe, Telecomunicaciones/Estacion",323021,True,True,True,
occupation_type_employee_323022,"Operador-Jefe, Telecomunicaciones/Trafico",323022,True,True,True,
occupation_type_employee_323023,Radionavegante,323023,True,True,True,
occupation_type_employee_323024,Radiotelegrafista,323024,True,True,True,
occupation_type_employee_323025,"Radiotelegrafista, Navegacion Maritima",323025,True,True,True,
occupation_type_employee_323026,Tecnico Sala De Control/Radio,323026,True,True,True,
occupation_type_employee_323027,Tecnico Sala De Control/Television,323027,True,True,True,
occupation_type_employee_323028,Telegrafista,323028,True,True,True,
occupation_type_employee_324001,Operador De Audiometria,324001,True,True,True,
occupation_type_employee_324002,Operador De Electrocardiografia,324002,True,True,True,
occupation_type_employee_324003,Operador De Electroencefolografia,324003,True,True,True,
occupation_type_employee_324004,Operador De Scaner,324004,True,True,True,
occupation_type_employee_324005,Operador De Scaner (Optica),324005,True,True,True,
occupation_type_employee_324006,Operador De Radiografia,324006,True,True,True,
occupation_type_employee_324007,Operador De Rayos X,324007,True,True,True,
occupation_type_employee_331005,"Motorista, Lancha/Bolichera",331005,True,True,True,
occupation_type_employee_332015,"Patron, Bolichera",332015,True,True,True,
occupation_type_employee_332016,"Patron, Barco/Navegacion Interior",332016,True,True,True,
occupation_type_employee_332017,"Patron, Barco/Navegacion Maritima",332017,True,True,True,
occupation_type_employee_332018,"Patron, Puerto",332018,True,True,True,
occupation_type_employee_332019,"Patron, Remolcador",332019,True,True,True,
occupation_type_employee_332020,"Patron, Yate",332020,True,True,True,
occupation_type_employee_332026,"Practico, Puerto",332026,True,True,True,
occupation_type_employee_334001,"Controlador, Trafico Aereo",334001,True,True,True,
occupation_type_employee_334002,"Tecnico, Seguridad/Trafico Aereo",334002,True,True,True,
occupation_type_employee_335001,"Especialista, Prevencion De Incendios",335001,True,True,True,
occupation_type_employee_335002,"Inspector, Incendios",335002,True,True,True,
occupation_type_employee_335003,"Inspector, Obras Y Edificios",335003,True,True,True,
occupation_type_employee_335004,"Investigador, Incendios",335004,True,True,True,
occupation_type_employee_335027,"Inspector, Vehiculos/Especificaciones Tecnicas",335027,True,True,True,
occupation_type_employee_335028,"Revisor, Tejidos, Tecnicos",335028,True,True,True,
occupation_type_employee_335029,Revisor/Telas,335029,True,True,True,
occupation_type_employee_335030,"Revisor-Inspector, Calidad",335030,True,True,True,
occupation_type_employee_335031,"Revisor-Probador, Maquina",335031,True,True,True,
occupation_type_employee_335032,"Tecnico, Prevencion De Incendios",335032,True,True,True,
occupation_type_employee_341001,Disecador-Taxidermista,341001,True,True,True,
occupation_type_employee_341002,Taxidermista (Naturalista-Preparador),341002,True,True,True,
occupation_type_employee_341003,"Tecnico, Anatomia",341003,True,True,True,
occupation_type_employee_341004,"Tecnico, Bacteriologia",341004,True,True,True,
occupation_type_employee_341005,"Tecnico, Bancos De Sangre",341005,True,True,True,
occupation_type_employee_341006,"Tecnico, Biofisica",341006,True,True,True,
occupation_type_employee_341007,"Tecnico, Biologia (Analista)",341007,True,True,True,
occupation_type_employee_341008,"Tecnico, Bioquimica",341008,True,True,True,
occupation_type_employee_341009,"Tecnico, Botanica",341009,True,True,True,
occupation_type_employee_341010,"Tecnico, Ciencias Biologicas/Otros",341010,True,True,True,
occupation_type_employee_341011,"Tecnico, Citologia",341011,True,True,True,
occupation_type_employee_341012,"Tecnico, Ecologia",341012,True,True,True,
occupation_type_employee_341013,"Tecnico, Farmacologia",341013,True,True,True,
occupation_type_employee_341014,"Tecnico, Fisiologia",341014,True,True,True,
occupation_type_employee_341015,"Tecnico, Histologia",341015,True,True,True,
occupation_type_employee_341016,"Tecnico, Laboratorio Biologico",341016,True,True,True,
occupation_type_employee_341017,"Tecnico, Patologia",341017,True,True,True,
occupation_type_employee_341018,"Tecnico, Serologia",341018,True,True,True,
occupation_type_employee_341019,"Tecnico, Tejidos",341019,True,True,True,
occupation_type_employee_341020,"Tecnico, Zoologia En Ciencias Biologicas",341020,True,True,True,
occupation_type_employee_342001,Animador Rural,342001,True,True,True,
occupation_type_employee_342002,"Demostrador, Practicas Agricolas",342002,True,True,True,
occupation_type_employee_342003,"Consejero, Agricola",342003,True,True,True,
occupation_type_employee_342004,"Consejero, Forestal",342004,True,True,True,
occupation_type_employee_342005,"Extensionista Agricola, Vulgarizador, Agricola",342005,True,True,True,
occupation_type_employee_342006,Perito Agricola,342006,True,True,True,
occupation_type_employee_342007,Tecnico Agronomo,342007,True,True,True,
occupation_type_employee_342008,"Tecnico Agronomo, Suelo",342008,True,True,True,
occupation_type_employee_342009,"Tecnico, Agropecuario",342009,True,True,True,
occupation_type_employee_342010,"Tecnico, Forestal",342010,True,True,True,
occupation_type_employee_342011,"Tecnico, Ganaderia (Pecuario)",342011,True,True,True,
occupation_type_employee_342012,"Tecnico, Horticultura",342012,True,True,True,
occupation_type_employee_342013,"Tecnico, Oleicultura",342013,True,True,True,
occupation_type_employee_342014,"Tecnico, Pomologia",342014,True,True,True,
occupation_type_employee_342015,"Tecnico, Silvicultura",342015,True,True,True,
occupation_type_employee_342016,"Tecnico, Zoologia En Agronomia, Zootecnia Y Silvicultura",342016,True,True,True,
occupation_type_employee_343001,Asistente Medico,343001,True,True,True,
occupation_type_employee_343002,"Asistente Medico, Planificacion Familiar",343002,True,True,True,
occupation_type_employee_343003,Auxiliar Medico,343003,True,True,True,
occupation_type_employee_343004,Practicante En Medicina,343004,True,True,True,
occupation_type_employee_343005,Sanitario,343005,True,True,True,
occupation_type_employee_343006,Topiquero,343006,True,True,True,
occupation_type_employee_344001,Higienista,344001,True,True,True,
occupation_type_employee_344002,"Inspector, Sanidad",344002,True,True,True,
occupation_type_employee_345001,Tecnico Bromatologo,345001,True,True,True,
occupation_type_employee_345002,"Tecnico Consejero Dietetico, Industria De Alimentos",345002,True,True,True,
occupation_type_employee_345003,Tecnico Dietista,345003,True,True,True,
occupation_type_employee_345004,"Tecnico Dietista, Dietetico Medica",345004,True,True,True,
occupation_type_employee_345005,"Tecnico Nutricionista, Salud Publica",345005,True,True,True,
occupation_type_employee_346001,Contactologo,346001,True,True,True,
occupation_type_employee_346002,"Optico, Anteojos",346002,True,True,True,
occupation_type_employee_346003,"Optico, Oftalmologia",346003,True,True,True,
occupation_type_employee_346004,Optometrista,346004,True,True,True,
occupation_type_employee_347001,"Asistente Dentista, Escuelas",347001,True,True,True,
occupation_type_employee_347002,"Auxiliar, Dentista",347002,True,True,True,
occupation_type_employee_347003,"Higienista, Bucodental",347003,True,True,True,
occupation_type_employee_347004,"Higienista, Profilaxia",347004,True,True,True,
occupation_type_employee_347005,Practicante De Odontologia,347005,True,True,True,
occupation_type_employee_348001,"Baños Medicinales, Tratamiento",348001,True,True,True,
occupation_type_employee_348002,Electroterapeuta,348002,True,True,True,
occupation_type_employee_348003,Ergoterapeuta,348003,True,True,True,
occupation_type_employee_348004,Fisioterapeuta (Terapeuta),348004,True,True,True,
occupation_type_employee_348005,Hidroterapeuta,348005,True,True,True,
occupation_type_employee_348006,Kinesiterapeuta (Kinesiologos),348006,True,True,True,
occupation_type_employee_348007,Masajista,348007,True,True,True,
occupation_type_employee_348008,Osteopata,348008,True,True,True,
occupation_type_employee_348009,Podologo,348009,True,True,True,
occupation_type_employee_348010,Quiropodista,348010,True,True,True,
occupation_type_employee_348011,Quiropractico,348011,True,True,True,
occupation_type_employee_348012,"Tecnico, Gimnasia Medica",348012,True,True,True,
occupation_type_employee_348013,"Tecnico, Readaptacion Profesional",348013,True,True,True,
occupation_type_employee_348014,"Terapeuta, Readaptacion Fisica",348014,True,True,True,
occupation_type_employee_348015,"Terapeuta, Readaptacion Profesional",348015,True,True,True,
occupation_type_employee_349001,"Asistente, Veterinario",349001,True,True,True,
occupation_type_employee_349002,Auxiliar Veterinario,349002,True,True,True,
occupation_type_employee_349003,"Tecnico Veterinario, Inseminacion Artificial",349003,True,True,True,
occupation_type_employee_349004,"Vacunador, Veterinario",349004,True,True,True,
occupation_type_employee_349005,"Vacunador, Veterinario/Aves De Granja",349005,True,True,True,
occupation_type_employee_349006,"Veterinario En Salud Publica, Tecnico",349006,True,True,True,
occupation_type_employee_351001,"Asistente, Farmaceutico",351001,True,True,True,
occupation_type_employee_351002,Auxiliar Farmaceutico,351002,True,True,True,
occupation_type_employee_351003,Practicante De Farmacia,351003,True,True,True,
occupation_type_employee_351004,Practico En Farmacia,351004,True,True,True,
occupation_type_employee_352013,"Hermana, Enfermera/Nivel Medio",352013,True,True,True,
occupation_type_employee_352014,Paramedicos,352014,True,True,True,
occupation_type_employee_353001,Auxiliar De Partera,353001,True,True,True,
occupation_type_employee_353002,Comadrona (Partera Practica),353002,True,True,True,
occupation_type_employee_353003,Matrona (Partera Practica),353003,True,True,True,
occupation_type_employee_353004,Partera Practica,353004,True,True,True,
occupation_type_employee_354001,Curandero,354001,True,True,True,
occupation_type_employee_354002,"Curandero-Naturista, Aldea",354002,True,True,True,
occupation_type_employee_354003,"Curandero, Religioso",354003,True,True,True,
occupation_type_employee_354004,"Curandero, Sugestion",354004,True,True,True,
occupation_type_employee_354005,Especialista En Ortoptia Y/O Ortofonia,354005,True,True,True,
occupation_type_employee_354006,Herbolario,354006,True,True,True,
occupation_type_employee_354007,Huesero,354007,True,True,True,
occupation_type_employee_354008,Naturopata,354008,True,True,True,
occupation_type_employee_355001,Tecnico Ortopedico,355001,True,True,True,
occupation_type_employee_355002,Tecnologo Protesis,355002,True,True,True,
occupation_type_employee_355003,Tecnico Radiologo,355003,True,True,True,
occupation_type_employee_355004,Tecnologo Medico,355004,True,True,True,
occupation_type_employee_356001,Tecnico En Laboratorio Clinico,356001,True,True,True,
occupation_type_employee_356002,Tecnico De Salud,356002,True,True,True,
occupation_type_employee_364005,"Tecnicos Administradores, Otros",364005,True,True,True,
occupation_type_employee_364006,Tecnicos En Racionalizacion Administrativa,364006,True,True,True,
occupation_type_employee_365001,"Tecnico, Comercio",365001,True,True,True,
occupation_type_employee_365002,"Tecnico, Cooperativismo",365002,True,True,True,
occupation_type_employee_365003,"Tecnico, Economia",365003,True,True,True,
occupation_type_employee_365004,"Tecnico, Mercadotecnia (Marketting)",365004,True,True,True,
occupation_type_employee_365005,"Tecnico, Planificacion",365005,True,True,True,
occupation_type_employee_366001,Contador Mercantil,366001,True,True,True,
occupation_type_employee_366002,Tecnico Contable En Costos,366002,True,True,True,
occupation_type_employee_366003,Tecnico Contable Empresarial,366003,True,True,True,
occupation_type_employee_366004,Tecnico Contable Gubernamental,366004,True,True,True,
occupation_type_employee_366005,Tecnico En Teneduria De Libros,366005,True,True,True,
occupation_type_employee_366006,"Tecnicos Contables, Otros",366006,True,True,True,
occupation_type_employee_367001,Tecnico En Ciencias Sociales,367001,True,True,True,
occupation_type_employee_367002,Promotor Social (Tecnico Asimilado),367002,True,True,True,
occupation_type_employee_371001,"Agente, Bolsa",371001,True,True,True,
occupation_type_employee_371002,"Agente, Cambio",371002,True,True,True,
occupation_type_employee_371003,"Asesor, Inversiones",371003,True,True,True,
occupation_type_employee_371004,"Corredor, Bolsa",371004,True,True,True,
occupation_type_employee_371005,"Corredor, Valores",371005,True,True,True,
occupation_type_employee_372001,"Agente, Seguros",372001,True,True,True,
occupation_type_employee_372002,Asegurador,372002,True,True,True,
occupation_type_employee_372003,"Asegurador, Maritimo",372003,True,True,True,
occupation_type_employee_372004,"Corredor, Seguros",372004,True,True,True,
occupation_type_employee_372005,"Negociador, Seguros",372005,True,True,True,
occupation_type_employee_372006,Vendedor De Polizas De Seguros,372006,True,True,True,
occupation_type_employee_373002,Agente Inmobiliario,373002,True,True,True,
occupation_type_employee_373003,"Corredor, Fincas",373003,True,True,True,
occupation_type_employee_373004,"Vendedor, Bienes Raices",373004,True,True,True,
occupation_type_employee_373005,"Vendedor, Propiedades Inmuebles",373005,True,True,True,
occupation_type_employee_374004,"Agente, Viajes",374004,True,True,True,
occupation_type_employee_374005,"Consejero, Turismo",374005,True,True,True,
occupation_type_employee_374006,"Organizador, Viajes",374006,True,True,True,
occupation_type_employee_375001,Agente Distribuidor,375001,True,True,True,
occupation_type_employee_375002,"Agente, Ventas",375002,True,True,True,
occupation_type_employee_375003,"Agente, Ventas/Comercio",375003,True,True,True,
occupation_type_employee_375004,"Agente, Ventas/Industria Manufacturera",375004,True,True,True,
occupation_type_employee_375005,"Agente, Ventas/Tecnico",375005,True,True,True,
occupation_type_employee_375006,"Consejero, Servicio Postventa",375006,True,True,True,
occupation_type_employee_375007,"Corredor, Fabrica",375007,True,True,True,
occupation_type_employee_375008,"Inspector Tecnico, Ventas",375008,True,True,True,
occupation_type_employee_375009,"Representante,Compaðia Nacional",375009,True,True,True,
occupation_type_employee_375010,"Representante, Fabrica/Concesionario",375010,True,True,True,
occupation_type_employee_375011,"Representante, Firmas Extranjeras",375011,True,True,True,
occupation_type_employee_375012,"Representante, Institucion Comercial",375012,True,True,True,
occupation_type_employee_375013,"Representante, Ventas/Comercio",375013,True,True,True,
occupation_type_employee_375014,"Representante, Ventas/Industria Manufacturera",375014,True,True,True,
occupation_type_employee_375015,"Representante, Ventas/Tecnico",375015,True,True,True,
occupation_type_employee_375016,"Vendedor, Comercio",375016,True,True,True,
occupation_type_employee_375017,"Vendedor, Industria Manufacturera",375017,True,True,True,
occupation_type_employee_375018,"Vendedor, Tecnico",375018,True,True,True,
occupation_type_employee_375019,"Viajante, Comercio/Agente",375019,True,True,True,
occupation_type_employee_375020,Visitador Medico,375020,True,True,True,
occupation_type_employee_376001,"Agente, Compras/Suministros",376001,True,True,True,
occupation_type_employee_376002,"Agente, Suministros",376002,True,True,True,
occupation_type_employee_376003,Comprador,376003,True,True,True,
occupation_type_employee_376004,"Comprador, Mercancias/Comercio Mayorista",376004,True,True,True,
occupation_type_employee_376005,"Comprador, Mercancias/Comercio Minorista",376005,True,True,True,
occupation_type_employee_376006,Evaluador,376006,True,True,True,
occupation_type_employee_376007,"Inspector, Siniestros",376007,True,True,True,
occupation_type_employee_376008,"Liquidador, Reclamaciones/Seguros",376008,True,True,True,
occupation_type_employee_376009,"Martillero, Subastas Publicas",376009,True,True,True,
occupation_type_employee_376010,Rematador,376010,True,True,True,
occupation_type_employee_376011,Subastador,376011,True,True,True,
occupation_type_employee_376012,Tasador,376012,True,True,True,
occupation_type_employee_376013,"Tasador, Seguros",376013,True,True,True,
occupation_type_employee_376014,"Tasador, Siniestros",376014,True,True,True,
occupation_type_employee_376015,"Verificador, Solicitudes De Indemnizacion",376015,True,True,True,
occupation_type_employee_378001,"Agente De Ventas, Servicio De Proteccioncontra Robos E In",378001,True,True,True,
occupation_type_employee_378002,"Agentes De Ventas, Servicio De Iluminacion Y Limpieza",378002,True,True,True,
occupation_type_employee_378003,"Agente De Servicio De Aduana, No Empleado Publico",378003,True,True,True,
occupation_type_employee_379001,Agente Transporte Y/O Mudanza,379001,True,True,True,
occupation_type_employee_379002,"Agente, Oficina De Colocacion",379002,True,True,True,
occupation_type_employee_379003,"Agente, Deportivo",379003,True,True,True,
occupation_type_employee_379004,"Agente, Literario",379004,True,True,True,
occupation_type_employee_379005,"Agente, Musical",379005,True,True,True,
occupation_type_employee_379006,"Agente, Publicidad",379006,True,True,True,
occupation_type_employee_379007,"Agente, Servicios A Las Empresas",379007,True,True,True,
occupation_type_employee_379008,"Agente, Teatro",379008,True,True,True,
occupation_type_employee_379009,"Agente, Venta De Publicidad/Espacios",379009,True,True,True,
occupation_type_employee_379010,"Contratista, Mano De Obra",379010,True,True,True,
occupation_type_employee_379017,"Promotor, Deportes",379017,True,True,True,
occupation_type_employee_379018,"Representante, Servicios A Las Empresas",379018,True,True,True,
occupation_type_employee_379019,"Representante, Servicios A Las Empresas/Espacios Publicitar",379019,True,True,True,
occupation_type_employee_381001,"Auxiliar, Abogacia",381001,True,True,True,
occupation_type_employee_381002,"Auxiliar, Actuario",381002,True,True,True,
occupation_type_employee_381003,"Auxiliar, Agente De Bolsa",381003,True,True,True,
occupation_type_employee_381004,"Auxiliar, Bufete/Abogado",381004,True,True,True,
occupation_type_employee_381005,"Auxiliar, Contador",381005,True,True,True,
occupation_type_employee_381006,Auxiliar Estadistico (Empleado Estadistico),381006,True,True,True,
occupation_type_employee_381007,Auxiliar Matematico,381007,True,True,True,
occupation_type_employee_381008,"Ayudante, Contable",381008,True,True,True,
occupation_type_employee_381009,"Evaluador, Seguros/Primas",381009,True,True,True,
occupation_type_employee_381010,"Pasante, Abogado",381010,True,True,True,
occupation_type_employee_381011,"Pasante, Escribano",381011,True,True,True,
occupation_type_employee_381012,"Pasante, Notario",381012,True,True,True,
occupation_type_employee_381013,"Redactor, Polizas/Seguros",381013,True,True,True,
occupation_type_employee_381014,"Secretario, Juzgado, Tecnico",381014,True,True,True,
occupation_type_employee_381015,Tenedor De Libros,381015,True,True,True,
occupation_type_employee_382003,"Recaudador, Impuestos",382003,True,True,True,
occupation_type_employee_391001,Blasonistas,391001,True,True,True,
occupation_type_employee_391002,Decorador De Ambiente,391002,True,True,True,
occupation_type_employee_391003,"Decorador Proyectista, Cine Y Teatro",391003,True,True,True,
occupation_type_employee_391004,"Decorador, Escaparates",391004,True,True,True,
occupation_type_employee_391005,Decorador Exposiciones,391005,True,True,True,
occupation_type_employee_391006,"Decorador, Interiores",391006,True,True,True,
occupation_type_employee_391007,"Dibujante, Carteles",391007,True,True,True,
occupation_type_employee_391008,"Dibujante, Ilustraciones",391008,True,True,True,
occupation_type_employee_391009,"Dibujante, Interiores",391009,True,True,True,
occupation_type_employee_391010,"Dibujante, Moda",391010,True,True,True,
occupation_type_employee_391011,"Diseñador, Alfombras",391011,True,True,True,
occupation_type_employee_391012,"Diseñador, Decoracion De Interiores",391012,True,True,True,
occupation_type_employee_391013,"Diseñador, Decorador",391013,True,True,True,
occupation_type_employee_391014,"Diseñador, Decorador/Escenarios De Teatro",391014,True,True,True,
occupation_type_employee_391015,"Diseñador, Envases",391015,True,True,True,
occupation_type_employee_391016,"Diseñador, Escaparatista",391016,True,True,True,
occupation_type_employee_391017,"Diseñador, Exposiciones",391017,True,True,True,
occupation_type_employee_391018,"Diseñador, Grafico",391018,True,True,True,
occupation_type_employee_391019,"Diseñador, Heraldista",391019,True,True,True,
occupation_type_employee_391020,"Diseñador, Herreria Artistica",391020,True,True,True,
occupation_type_employee_391021,"Diseñador, Industrial",391021,True,True,True,
occupation_type_employee_391022,"Diseñador, Joyas",391022,True,True,True,
occupation_type_employee_391023,"Diseñador, Moda",391023,True,True,True,
occupation_type_employee_391024,"Diseñador, Muebles",391024,True,True,True,
occupation_type_employee_391025,"Diseñador, Orfebreria",391025,True,True,True,
occupation_type_employee_391026,"Diseñador, Piezas De Ceramica",391026,True,True,True,
occupation_type_employee_391027,"Diseñador, Prendas De Vestir",391027,True,True,True,
occupation_type_employee_391028,"Diseñador, Productos Comerciales",391028,True,True,True,
occupation_type_employee_391029,"Diseñador, Productos Industriales",391029,True,True,True,
occupation_type_employee_391030,"Diseñador, Telas Y Tejidos",391030,True,True,True,
occupation_type_employee_391031,Escaparatista Decorador,391031,True,True,True,
occupation_type_employee_391032,Heraldista,391032,True,True,True,
occupation_type_employee_391033,"Pintor, Tatuajes",391033,True,True,True,
occupation_type_employee_392001,Anfitrion,392001,True,True,True,
occupation_type_employee_392002,"Comentarista-Entrevistador, Television - Radio",392002,True,True,True,
occupation_type_employee_392003,"Cronista, Noticiarios",392003,True,True,True,
occupation_type_employee_392004,"Locutor, Noticias",392004,True,True,True,
occupation_type_employee_392005,"Locutor, Radio",392005,True,True,True,
occupation_type_employee_392006,"Locutor, Television",392006,True,True,True,
occupation_type_employee_392007,Presentador-Animador,392007,True,True,True,
occupation_type_employee_392008,"Presentador-Animador, Espectaculos Publicos",392008,True,True,True,
occupation_type_employee_392009,Tecnico En Comunicacion,392009,True,True,True,
occupation_type_employee_393001,Acrobata,393001,True,True,True,
occupation_type_employee_393002,"Amaestrador, Elefantes",393002,True,True,True,
occupation_type_employee_393003,"Amaestrador, Fieras",393003,True,True,True,
occupation_type_employee_393004,"Artista, Marionetas",393004,True,True,True,
occupation_type_employee_393005,"Artista, Strip-Tease",393005,True,True,True,
occupation_type_employee_393006,"Artista, Trapecio",393006,True,True,True,
occupation_type_employee_393007,"Caballista, Circo",393007,True,True,True,
occupation_type_employee_393008,Comico,393008,True,True,True,
occupation_type_employee_393009,"Comico, Circo",393009,True,True,True,
occupation_type_employee_393010,Contorsionista,393010,True,True,True,
occupation_type_employee_393011,"Domador, Circo",393011,True,True,True,
occupation_type_employee_393012,"Domador, Fieras",393012,True,True,True,
occupation_type_employee_393013,"Encantador, Serpientes",393013,True,True,True,
occupation_type_employee_393014,Equilibrista,393014,True,True,True,
occupation_type_employee_393015,"Extras, Dobles",393015,True,True,True,
occupation_type_employee_393016,Funambulo,393016,True,True,True,
occupation_type_employee_393017,Hipnotizador,393017,True,True,True,
occupation_type_employee_393018,Ilusionista,393018,True,True,True,
occupation_type_employee_393019,Imitador,393019,True,True,True,
occupation_type_employee_393020,"Imitador, Ruidos De Animales",393020,True,True,True,
occupation_type_employee_393021,Mago,393021,True,True,True,
occupation_type_employee_393022,Malabarista,393022,True,True,True,
occupation_type_employee_393023,Payaso,393023,True,True,True,
occupation_type_employee_393024,Prestidigitador,393024,True,True,True,
occupation_type_employee_393025,Titiritero,393025,True,True,True,
occupation_type_employee_393026,Trapecista,393026,True,True,True,
occupation_type_employee_393027,Vedette,393027,True,True,True,
occupation_type_employee_393028,Ventrilocuo,393028,True,True,True,
occupation_type_employee_393029,Volatinero,393029,True,True,True,
occupation_type_employee_393030,"Otros, Payasos, Acrobatas Y Afines",393030,True,True,True,
occupation_type_employee_394001,"Arbitro, Deportivo",394001,True,True,True,
occupation_type_employee_394002,Atleta,394002,True,True,True,
occupation_type_employee_394003,"Automovilista, Carreras",394003,True,True,True,
occupation_type_employee_394004,Banderillero,394004,True,True,True,
occupation_type_employee_394005,Basketbolista,394005,True,True,True,
occupation_type_employee_394006,Boxeador,394006,True,True,True,
occupation_type_employee_394007,Catchascanista,394007,True,True,True,
occupation_type_employee_394008,"Corredor, Ciclista",394008,True,True,True,
occupation_type_employee_394009,"Deportista, Profesional",394009,True,True,True,
occupation_type_employee_394010,"Entrenador, Artes Marciales",394010,True,True,True,
occupation_type_employee_394011,"Entrenador, Atletismo",394011,True,True,True,
occupation_type_employee_394012,"Entrenador, Boxeo",394012,True,True,True,
occupation_type_employee_394013,"Entrenador, Golf",394013,True,True,True,
occupation_type_employee_394014,"Entrenador, Lucha",394014,True,True,True,
occupation_type_employee_394015,"Entrenador, Yoga",394015,True,True,True,
occupation_type_employee_394016,Futbolista,394016,True,True,True,
occupation_type_employee_394017,Jockey,394017,True,True,True,
occupation_type_employee_394018,"Juez, Boxeo",394018,True,True,True,
occupation_type_employee_394019,"Juez, Cancha",394019,True,True,True,
occupation_type_employee_394020,"Juez, Salida/Carreras",394020,True,True,True,
occupation_type_employee_394021,Luchador,394021,True,True,True,
occupation_type_employee_394022,"Monitor, Cultura Fisico",394022,True,True,True,
occupation_type_employee_394023,"Picador, Toros",394023,True,True,True,
occupation_type_employee_394024,"Piloto, Carreras/Automoviles",394024,True,True,True,
occupation_type_employee_394025,"Profesor, Ajedrez",394025,True,True,True,
occupation_type_employee_394026,"Profesor, Billar",394026,True,True,True,
occupation_type_employee_394027,Torero,394027,True,True,True,
occupation_type_employee_394028,Voleibolista,394028,True,True,True,
occupation_type_employee_394029,"Otros, Atletas, Deportistas Y Afines",394029,True,True,True,
occupation_type_employee_395001,Acolito,395001,True,True,True,
occupation_type_employee_395002,"Ayudante, Culto",395002,True,True,True,
occupation_type_employee_395003,Diaconisa,395003,True,True,True,
occupation_type_employee_395004,Diacono,395004,True,True,True,
occupation_type_employee_395005,Evangelizador,395005,True,True,True,
occupation_type_employee_395006,Fraile,395006,True,True,True,
occupation_type_employee_395007,"Miembro, Ejercito De Salvacion",395007,True,True,True,
occupation_type_employee_395008,"Monja, Nivel Medio",395008,True,True,True,
occupation_type_employee_395009,"Monje, Nivel Medio",395009,True,True,True,
occupation_type_employee_395010,"Predicador, Seglar",395010,True,True,True,
occupation_type_employee_396001,"Bailarin, Peðas, Salsodromos, Restaurantes Turisticos",396001,True,True,True,
occupation_type_employee_396004,"Musico, Peðas, Salsodromos, Restaurantes Turisticos",396004,True,True,True,
occupation_type_employee_396005,Musico Ambulante,396005,True,True,True,
occupation_type_employee_396007,Cantor Ambulante,396007,True,True,True,
occupation_type_employee_411009,"Encargado Del Servicio De Mantenimiento De Tramites, Etc.",411009,True,True,True,
occupation_type_employee_413001,Mecanografa - Dactilografa,413001,True,True,True,
occupation_type_employee_413002,"Mecanografa, Estadisticas",413002,True,True,True,
occupation_type_employee_413003,"Mecanografa, Estenografia",413003,True,True,True,
occupation_type_employee_413004,"Mecanografa, Facturas",413004,True,True,True,
occupation_type_employee_413005,"Mecanografa, Maquina Perforadora",413005,True,True,True,
occupation_type_employee_413006,"Mecanografa, Taquigrafia",413006,True,True,True,
occupation_type_employee_413007,"Mecanografa, Textos",413007,True,True,True,
occupation_type_employee_413008,Oficinista-Mecanografa,413008,True,True,True,
occupation_type_employee_413009,Secretaria,413009,True,True,True,
occupation_type_employee_413010,"Secretaria, Bilingue",413010,True,True,True,
occupation_type_employee_413011,"Secretaria, Comercial",413011,True,True,True,
occupation_type_employee_413014,"Secretaria, Medico",413014,True,True,True,
occupation_type_employee_413015,Secretaria-Mecanografa,413015,True,True,True,
occupation_type_employee_413016,"Secretaria, Otros",413016,True,True,True,
occupation_type_employee_413017,Secretaria-Taquigrafa,413017,True,True,True,
occupation_type_employee_413018,Secretaria-Taquimecanografa,413018,True,True,True,
occupation_type_employee_413019,Taquigrafa,413019,True,True,True,
occupation_type_employee_413020,Taquimecanografa,413020,True,True,True,
occupation_type_employee_413021,Mecanografica En Domicilio,413021,True,True,True,
occupation_type_employee_414001,"Operador De Maquina, Tratamiento De Texto",414001,True,True,True,
occupation_type_employee_414002,"Operador, Telefax",414002,True,True,True,
occupation_type_employee_414003,"Operador, Telegrafo",414003,True,True,True,
occupation_type_employee_414004,"Operador, Teleimpresora",414004,True,True,True,
occupation_type_employee_414005,"Teletipista, Telex",414005,True,True,True,
occupation_type_employee_415001,Digitador,415001,True,True,True,
occupation_type_employee_415002,"Controlador, Perforaciones",415002,True,True,True,
occupation_type_employee_415003,"Operador, Entrada De Datos/Clasificadora",415003,True,True,True,
occupation_type_employee_415004,"Operador, Entrada De Datos/Computadoras",415004,True,True,True,
occupation_type_employee_415005,"Operador, Entrada De Datos/Convertidor (De Cintas A Tarjeta",415005,True,True,True,
occupation_type_employee_415006,"Operador, Entrada De Datos/Maquina Convertidora (De Cintas",415006,True,True,True,
occupation_type_employee_415007,"Operador, Entrada De Datos/Maquina Convertidora (De Tarjeta",415007,True,True,True,
occupation_type_employee_415008,"Operador, Entrada De Datos/Maquina Perforadoras (Cintas)",415008,True,True,True,
occupation_type_employee_415009,"Operador, Entrada De Datos/Maquina Perforadoras (Tarjetas Y",415009,True,True,True,
occupation_type_employee_415010,"Operador, Entrada De Datos/Maquina Perforadoras (Teclado)",415010,True,True,True,
occupation_type_employee_415011,"Operador, Entrada De Datos/Tabuladora",415011,True,True,True,
occupation_type_employee_415012,"Operador, Entrada De Datos/Transcripcion De Perforaciones (",415012,True,True,True,
occupation_type_employee_415013,Verificador Del Operador De Maquina Perforadora De Tarjetas,415013,True,True,True,
occupation_type_employee_415014,Tipeo Por Computadora,415014,True,True,True,
occupation_type_employee_416001,Calculista A Maquina,416001,True,True,True,
occupation_type_employee_416002,"Operador, Calculadora",416002,True,True,True,
occupation_type_employee_416003,"Operador, Computadora",416003,True,True,True,
occupation_type_employee_416004,"Operador, Maquina De Contabilidad",416004,True,True,True,
occupation_type_employee_416005,"Operador, Maquina De Preparar Facturas",416005,True,True,True,
occupation_type_employee_416006,"Operador, Maquina Franqueadora",416006,True,True,True,
occupation_type_employee_416007,"Operador, Maquina Contable",416007,True,True,True,
occupation_type_employee_416008,"Operador, Maquina De Llevar Libros",416008,True,True,True,
occupation_type_employee_416009,"Operador, Maquina De Sumar",416009,True,True,True,
occupation_type_employee_417001,"Operador, Maquina Clasificadora Y Tabulados",417001,True,True,True,
occupation_type_employee_417002,"Operador,Ordenador Electronico",417002,True,True,True,
occupation_type_employee_417003,Otros Operadores De Maquinas Para El Tratamiento Automatico,417003,True,True,True,
occupation_type_employee_418021,Listero,418021,True,True,True,
occupation_type_employee_419001,"Amanuense, Estadistica",419001,True,True,True,
occupation_type_employee_419002,Critico-Codificador,419002,True,True,True,
occupation_type_employee_421001,Almacenero,421001,True,True,True,
occupation_type_employee_423007,Escribiente De Abogado,423007,True,True,True,
occupation_type_employee_423008,Escribiente De Notario,423008,True,True,True,
occupation_type_employee_423009,Escribiente De Procurador,423009,True,True,True,
occupation_type_employee_423010,Escribiente Publico,423010,True,True,True,
occupation_type_employee_423011,Recopilador De Directorios Y Guias,423011,True,True,True,
occupation_type_employee_423012,"Secretario De Juzgado, Empleado De Oficina",423012,True,True,True,
occupation_type_employee_423013,"Tramitadores (Redactan Cartas, Llenador Formularios, Etc)",423013,True,True,True,
occupation_type_employee_423014,Controlador De Tarjetas De Personal,423014,True,True,True,
occupation_type_employee_423015,Tramitador De Oficina,423015,True,True,True,
occupation_type_employee_432001,"Agente De Los Servicios De Mercancias, Ferrocarriles",432001,True,True,True,
occupation_type_employee_432002,"Agente De Los Servicios De Transporte De Carga, Ferrocarril",432002,True,True,True,
occupation_type_employee_435002,Controladores De Coche-Cama,435002,True,True,True,
occupation_type_employee_435003,Controlador De Vagones De Lujo Y Pullman,435003,True,True,True,
occupation_type_employee_435004,"Otros Jefes De Tren, Cobradores.",435004,True,True,True,
occupation_type_employee_436001,"Agente, Ferrocarril/Mercancias",436001,True,True,True,
occupation_type_employee_436029,"Encargado, Servicios/Ferrocarril (Deposito)",436029,True,True,True,
occupation_type_employee_436030,"Encargado, Servicios/Muelle",436030,True,True,True,
occupation_type_employee_436031,"Encargado, Servicios/Transbordador",436031,True,True,True,
occupation_type_employee_436032,"Encargado, Servicios/Transporte Por Carretera (Trafico)",436032,True,True,True,
occupation_type_employee_436033,"Inspector, Servicios/Barcaza",436033,True,True,True,
occupation_type_employee_436034,"Inspector, Servicios/Carga",436034,True,True,True,
occupation_type_employee_436035,"Inspector, Servicios/Transporte Por Carretera",436035,True,True,True,
occupation_type_employee_436036,"Inspector, Servicios/Transporte Por Ferrocarril",436036,True,True,True,
occupation_type_employee_442001,"Archivero, De Museo",442001,True,True,True,
occupation_type_employee_442002,"Asistente, Biblioteca",442002,True,True,True,
occupation_type_employee_442003,Ayudante De Biblioteca,442003,True,True,True,
occupation_type_employee_443001,Cartero,443001,True,True,True,
occupation_type_employee_443002,"Clasificador, Correspondencia",443002,True,True,True,
occupation_type_employee_443005,"Encargado, Entrega De Encomiendas A Domicilio",443005,True,True,True,
occupation_type_employee_443006,"Encomendero, Reparto De Encomiendas",443006,True,True,True,
occupation_type_employee_443007,"Estafetero, Recibidor De Cargas/Correo",443007,True,True,True,
occupation_type_employee_443008,"Mandadero, Oficina/Conserje De Oficina",443008,True,True,True,
occupation_type_employee_443009,"Mensajero, Correspondencia",443009,True,True,True,
occupation_type_employee_443010,Portapliego De Oficina,443010,True,True,True,
occupation_type_employee_444001,"Corrector, Pruebas De Imprenta",444001,True,True,True,
occupation_type_employee_451001,"Cajero, Almacen/Autoservicio",451001,True,True,True,
occupation_type_employee_451002,"Cajero, Apuestas",451002,True,True,True,
occupation_type_employee_451003,"Cajero, Banco",451003,True,True,True,
occupation_type_employee_451004,"Cajero, Cobrador De Peajes",451004,True,True,True,
occupation_type_employee_451005,"Cajero, Contabilidad De Caja",451005,True,True,True,
occupation_type_employee_451006,"Cajero, Empresa/Almacen",451006,True,True,True,
occupation_type_employee_451007,"Cajero, Hotel",451007,True,True,True,
occupation_type_employee_451008,"Cajero, Mostrador",451008,True,True,True,
occupation_type_employee_451009,"Cajero, Oficina",451009,True,True,True,
occupation_type_employee_451010,"Cajero, Restaurante",451010,True,True,True,
occupation_type_employee_451011,"Cajero, Tienda",451011,True,True,True,
occupation_type_employee_451012,"Cajero, Venta De Billetes",451012,True,True,True,
occupation_type_employee_451013,"Cambista, Compra-Ventade Dolares",451013,True,True,True,
occupation_type_employee_451018,Expendedor De Giros Postales,451018,True,True,True,
occupation_type_employee_451019,Taquillero,451019,True,True,True,
occupation_type_employee_451020,Tesorero,451020,True,True,True,
occupation_type_employee_451021,Vendedor De Estampillas,451021,True,True,True,
occupation_type_employee_452001,"Prestamista, Dinero",452001,True,True,True,
occupation_type_employee_452002,"Prestamista, Prendario",452002,True,True,True,
occupation_type_employee_453001,"Cobrador A Domicilio, Ventas A Plazos",453001,True,True,True,
occupation_type_employee_453002,"Cobrador, Alquileres",453002,True,True,True,
occupation_type_employee_453003,Cobrador Contribuciones,453003,True,True,True,
occupation_type_employee_453004,"Cobrador, Deudas",453004,True,True,True,
occupation_type_employee_453005,Cobrador Espectaculos,453005,True,True,True,
occupation_type_employee_453006,"Cobrador, Facturas",453006,True,True,True,
occupation_type_employee_453007,"Cobrador, Impuestos",453007,True,True,True,
occupation_type_employee_453008,"Cobrador, Peaje",453008,True,True,True,
occupation_type_employee_453009,"Cobrador, Seguros",453009,True,True,True,
occupation_type_employee_454009,Recepcionista,454009,True,True,True,
occupation_type_employee_454010,"Recepcionista, Dentista",454010,True,True,True,
occupation_type_employee_454011,"Recepcionista, Hospital/Consultorio Medico",454011,True,True,True,
occupation_type_employee_454012,"Recepcionista, Hotel",454012,True,True,True,
occupation_type_employee_454013,"Recepcionista, Medico",454013,True,True,True,
occupation_type_employee_455001,"Operadora, Central Telefonica",455001,True,True,True,
occupation_type_employee_455002,"Radio-Telefonista, Estaciones Terrestres",455002,True,True,True,
occupation_type_employee_455003,"Telefonista, Publica O Privada",455003,True,True,True,
occupation_type_employee_456001,"Crupier, Sala De Juego",456001,True,True,True,
occupation_type_employee_456002,Recibidor De Apuestas,456002,True,True,True,
occupation_type_employee_461001,Encuestadores,461001,True,True,True,
occupation_type_employee_461002,Empadronadores,461002,True,True,True,
occupation_type_employee_461003,Recopilador De Informacion Estadistica,461003,True,True,True,
occupation_type_employee_461004,Registradores,461004,True,True,True,
occupation_type_employee_461005,Supervisor De Campo,461005,True,True,True,
occupation_type_employee_462001,Auxiliar De Oficina,462001,True,True,True,
occupation_type_employee_462007,Segmentista,462007,True,True,True,
occupation_type_employee_511001,"Ayudante, Vuelo",511001,True,True,True,
occupation_type_employee_511002,"Aeromoza, Camarera De Avion",511002,True,True,True,
occupation_type_employee_511003,"Azafata, Aeropuerto",511003,True,True,True,
occupation_type_employee_511004,"Azafata, Avion",511004,True,True,True,
occupation_type_employee_511005,"Azafata, Informacion/Aeropuerto",511005,True,True,True,
occupation_type_employee_511006,"Camarero, Barco",511006,True,True,True,
occupation_type_employee_511007,"Fly Hostess, Aeromoza",511007,True,True,True,
occupation_type_employee_511008,Pursers,511008,True,True,True,
occupation_type_employee_511009,"Tripulante, Cabina/Pasajeros",511009,True,True,True,
occupation_type_employee_512001,"Guia, Excursiones",512001,True,True,True,
occupation_type_employee_512002,"Guia, Expedicion De Caza",512002,True,True,True,
occupation_type_employee_512003,"Guia, Galeria De Arte",512003,True,True,True,
occupation_type_employee_512004,"Guia, Museos",512004,True,True,True,
occupation_type_employee_512005,"Guia, Turismo",512005,True,True,True,
occupation_type_employee_512006,"Guia, Viajes/Andinismo",512006,True,True,True,
occupation_type_employee_512007,"Guia, Viajes/Autobus",512007,True,True,True,
occupation_type_employee_512008,"Guia, Viajes/Establecimientos Industriales",512008,True,True,True,
occupation_type_employee_512009,"Guia, Viajes/Galeria De Arte",512009,True,True,True,
occupation_type_employee_512010,"Guia, Viajes/Local",512010,True,True,True,
occupation_type_employee_512011,"Guia, Viajes/Montaðismo",512011,True,True,True,
occupation_type_employee_512012,"Guia, Viajes/Museos",512012,True,True,True,
occupation_type_employee_512013,"Guia, Viajes/Parques Naturales Y Reservas Nacionales",512013,True,True,True,
occupation_type_employee_512014,"Guia, Viajes/Pesca",512014,True,True,True,
occupation_type_employee_512015,"Guia, Viajes/Reserva De Caza",512015,True,True,True,
occupation_type_employee_512016,"Guia, Viajes/Safari",512016,True,True,True,
occupation_type_employee_512017,"Guia, Viajes/Teatro Y Monumentos",512017,True,True,True,
occupation_type_employee_521001,"Economo, Hosteleria",521001,True,True,True,
occupation_type_employee_521002,"Jefe De Personal De Servidumbre, Barco",521002,True,True,True,
occupation_type_employee_521003,Jefe De Camareros,521003,True,True,True,
occupation_type_employee_521004,Maitre,521004,True,True,True,
occupation_type_employee_521005,Maestresala,521005,True,True,True,
occupation_type_employee_521006,"Mayordomo, Excepto Hogar Particular",521006,True,True,True,
occupation_type_employee_522001,"Cocinero, Barco",522001,True,True,True,
occupation_type_employee_522002,"Cocinero, Chef",522002,True,True,True,
occupation_type_employee_522003,"Cocinero, Conservacion De Alimentos",522003,True,True,True,
occupation_type_employee_522004,"Cocinero, Dietas Especiales",522004,True,True,True,
occupation_type_employee_522005,"Cocinero, Vegetales",522005,True,True,True,
occupation_type_employee_523001,"Azafata, Servicio De Comidas/Personal",523001,True,True,True,
occupation_type_employee_523002,Barman,523002,True,True,True,
occupation_type_employee_523003,Mozo,523003,True,True,True,
occupation_type_employee_531001,"Auxiliar, Enfermeria",531001,True,True,True,
occupation_type_employee_531002,"Auxiliar, Enfermeria/Primeros Auxilios",531002,True,True,True,
occupation_type_employee_531003,"Auxiliar, Hospitalario",531003,True,True,True,
occupation_type_employee_531004,"Ayudante, Ambulancia",531004,True,True,True,
occupation_type_employee_531005,"Ayudante, Enfermeria",531005,True,True,True,
occupation_type_employee_531006,"Ayudante, Enfermeria/Ambulancia",531006,True,True,True,
occupation_type_employee_531007,"Ayudante, Enfermeria/Clinica",531007,True,True,True,
occupation_type_employee_531008,"Ayudante, Enfermeria/Hospital",531008,True,True,True,
occupation_type_employee_531009,Camillero,531009,True,True,True,
occupation_type_employee_531010,"Enfermero, Ambulancia",531010,True,True,True,
occupation_type_employee_531011,"Ayudante, Enfermeria/Domicilio",531011,True,True,True,
occupation_type_employee_531012,"Ayudante, Consultorio Dental",531012,True,True,True,
occupation_type_employee_541001,Callista,541001,True,True,True,
occupation_type_employee_541002,Capilicultor,541002,True,True,True,
occupation_type_employee_541003,Cosmetologo,541003,True,True,True,
occupation_type_employee_541004,"Especialista, Tratamientos De Belleza",541004,True,True,True,
occupation_type_employee_541005,Estilista,541005,True,True,True,
occupation_type_employee_541006,Manicurista,541006,True,True,True,
occupation_type_employee_541007,"Maquillador, Cine",541007,True,True,True,
occupation_type_employee_541008,"Maquillador, Salon",541008,True,True,True,
occupation_type_employee_541009,"Maquillador, Teatro",541009,True,True,True,
occupation_type_employee_541010,Masajista Estetico,541010,True,True,True,
occupation_type_employee_541011,Pedicurista,541011,True,True,True,
occupation_type_employee_541012,Peinadora,541012,True,True,True,
occupation_type_employee_541013,"Peluquero, Caballeros",541013,True,True,True,
occupation_type_employee_541014,"Peluquero, Seðoras",541014,True,True,True,
occupation_type_employee_541015,Peluquero-Barbero,541015,True,True,True,
occupation_type_employee_551001,Amortajador,551001,True,True,True,
occupation_type_employee_551002,Embalsamador,551002,True,True,True,
occupation_type_employee_551003,"Empleado, Pompas Funebres/Agencia Funeraria",551003,True,True,True,
occupation_type_employee_551004,"Empresario, Pompas Funebres",551004,True,True,True,
occupation_type_employee_551005,Organizador De Pompas Funebres,551005,True,True,True,
occupation_type_employee_551006,Tramitador De Documentos Para Sepelio,551006,True,True,True,
occupation_type_employee_552001,Maniqui,552001,True,True,True,
occupation_type_employee_552002,Modelo De Fotografia,552002,True,True,True,
occupation_type_employee_552003,"Modelo, Artista",552003,True,True,True,
occupation_type_employee_552004,"Modelo, Escultores",552004,True,True,True,
occupation_type_employee_552005,"Modelo, Modas",552005,True,True,True,
occupation_type_employee_552006,"Modelo, Pintores",552006,True,True,True,
occupation_type_employee_552007,"Modelo, Publicidad",552007,True,True,True,
occupation_type_employee_553001,Astrologo,553001,True,True,True,
occupation_type_employee_553002,Cartomantico,553002,True,True,True,
occupation_type_employee_553003,Geomantico,553003,True,True,True,
occupation_type_employee_553004,Numerologo,553004,True,True,True,
occupation_type_employee_553005,Numeromantico,553005,True,True,True,
occupation_type_employee_553006,Oniromantico,553006,True,True,True,
occupation_type_employee_553007,Quiromantico,553007,True,True,True,
occupation_type_employee_561001,Bombero,561001,True,True,True,
occupation_type_employee_561002,"Bombero, Accidentes De Aviacion",561002,True,True,True,
occupation_type_employee_561003,"Bombero, Aeropuertos",561003,True,True,True,
occupation_type_employee_561004,"Bombero, Forestal",561004,True,True,True,
occupation_type_employee_561006,"Especialista, Salvamento/Incendios (Desastres)",561006,True,True,True,
occupation_type_employee_562001,Alguaciles,562001,True,True,True,
occupation_type_employee_562002,Policia Municipal,562002,True,True,True,
occupation_type_employee_562003,Serenazgo,562003,True,True,True,
occupation_type_employee_563001,Carcelero,563001,True,True,True,
occupation_type_employee_563002,"Guardian, Carcel",563002,True,True,True,
occupation_type_employee_563003,"Guardian, Prision, Establecimiento Penal",563003,True,True,True,
occupation_type_employee_563004,Vigilante De Establecimiento Penal Y Otros Centros Tutelare,563004,True,True,True,
occupation_type_employee_564001,Custodio,564001,True,True,True,
occupation_type_employee_564002,Guardaespalda,564002,True,True,True,
occupation_type_employee_564003,Guardia De Seguridad (Privados),564003,True,True,True,
occupation_type_employee_564004,Policia Particular,564004,True,True,True,
occupation_type_employee_564005,Vigilante De Seguridad (Privados),564005,True,True,True,
occupation_type_employee_565001,Detective Privado,565001,True,True,True,
occupation_type_employee_571001,"Comerciante, Comercio Al Por Mayor",571001,True,True,True,
occupation_type_employee_571002,"Despachador, Mercaderias/Comercio Al Por Mayor",571002,True,True,True,
occupation_type_employee_571003,"Mayorista, Comercio Al Por Mayor",571003,True,True,True,
occupation_type_employee_571004,"Vendedor, Abarrotes/Comercio Al Por Mayor",571004,True,True,True,
occupation_type_employee_571005,"Vendedor, Proveedor/Comercio Al Por Mayor",571005,True,True,True,
occupation_type_employee_571006,"Vendedor, Comercio Al Por Mayor",571006,True,True,True,
occupation_type_employee_572001,"Comerciante, Articulos Deportivos",572001,True,True,True,
occupation_type_employee_572002,"Comerciante, Articulos Electrodomesticos",572002,True,True,True,
occupation_type_employee_572003,"Comerciante, Boutique",572003,True,True,True,
occupation_type_employee_572004,"Comerciante, Calzado",572004,True,True,True,
occupation_type_employee_572005,"Comerciante, Carros",572005,True,True,True,
occupation_type_employee_572006,"Comerciante, Combustible/Grifero (Despachador De Gasolina)",572006,True,True,True,
occupation_type_employee_572007,"Comerciante, Joyeria Y Relojeria",572007,True,True,True,
occupation_type_employee_572008,"Comerciante, Juguetes",572008,True,True,True,
occupation_type_employee_572009,"Comerciante, Licores",572009,True,True,True,
occupation_type_employee_572010,"Comerciante, Loza Y Porcelana",572010,True,True,True,
occupation_type_employee_572011,"Comerciante, Muebles",572011,True,True,True,
occupation_type_employee_572012,"Comerciante, Optica",572012,True,True,True,
occupation_type_employee_572013,"Comerciante, Prendas De Vestir",572013,True,True,True,
occupation_type_employee_572014,"Comerciante, Repuestos En General",572014,True,True,True,
occupation_type_employee_572015,"Despachador, Mercaderia/Comercio Al Por Menor",572015,True,True,True,
occupation_type_employee_572016,"Vendedor, Abarrotes/Abacero (Bodeguero)",572016,True,True,True,
occupation_type_employee_572017,"Vendedor, Artesania",572017,True,True,True,
occupation_type_employee_572018,"Vendedor, Carbon",572018,True,True,True,
occupation_type_employee_572019,"Vendedor, Carne",572019,True,True,True,
occupation_type_employee_572020,"Vendedor, Carton/Papel",572020,True,True,True,
occupation_type_employee_572021,"Vendedor, Farmacia",572021,True,True,True,
occupation_type_employee_572022,"Vendedor, Cigarrillos",572022,True,True,True,
occupation_type_employee_572023,"Vendedor, Ferreteria",572023,True,True,True,
occupation_type_employee_572024,"Vendedor, Flores",572024,True,True,True,
occupation_type_employee_572025,"Vendedor, Frutas",572025,True,True,True,
occupation_type_employee_572026,"Vendedor, Herbolarios/Hierbas",572026,True,True,True,
occupation_type_employee_572027,"Vendedor, Leche",572027,True,True,True,
occupation_type_employee_572028,"Vendedor, Licoreria",572028,True,True,True,
occupation_type_employee_572029,"Vendedor, Libros/Utiles Escolares",572029,True,True,True,
occupation_type_employee_572030,"Vendedor, Loza/Cristaleria Y Porcelana",572030,True,True,True,
occupation_type_employee_572031,"Vendedor, Maderas/Triplay",572031,True,True,True,
occupation_type_employee_572032,"Vendedor, Materiales De Construccion",572032,True,True,True,
occupation_type_employee_572033,"Vendedor, Muebleria",572033,True,True,True,
occupation_type_employee_572034,"Vendedor, Pasamaneria/Merceria",572034,True,True,True,
occupation_type_employee_572035,"Vendedor, Perfumeria",572035,True,True,True,
occupation_type_employee_572036,"Vendedor, Peletero",572036,True,True,True,
occupation_type_employee_572037,"Vendedor, Prendas De Vestir",572037,True,True,True,
occupation_type_employee_572038,"Vendedor, Pulpa",572038,True,True,True,
occupation_type_employee_572039,"Vendedor, Repuestos En General",572039,True,True,True,
occupation_type_employee_572040,"Vendedor, Sombreros",572040,True,True,True,
occupation_type_employee_572041,"Vendedor, Zapateria",572041,True,True,True,
occupation_type_employee_572042,"Otros, Comerciantes Vendedores Al Por Menor (No Ambulatorio",572042,True,True,True,
occupation_type_employee_573001,Demostrador (A) De Articulos,573001,True,True,True,
occupation_type_employee_573002,Demostrador (A) De Productos Para La Venta En Establecimien,573002,True,True,True,
occupation_type_employee_574001,Vendedor En Puesto De Mercado,574001,True,True,True,
occupation_type_employee_574002,Vendedor En Kiosco,574002,True,True,True,
occupation_type_employee_575001,"Empleado, Dependiente De Tienda, Comercio Nep",575001,True,True,True,
occupation_type_employee_575002,"Vendedor, Comercio Nep",575002,True,True,True,
occupation_type_employee_581001,Vendedores De Artefactos Electricos,581001,True,True,True,
occupation_type_employee_581002,Vendedores De Libros,581002,True,True,True,
occupation_type_employee_582001,"Comprador Vendedor De Oro, Plata",582001,True,True,True,
occupation_type_employee_582002,Compra Venta De Monedas Y Billetes,582002,True,True,True,
occupation_type_employee_583001,Comercio N.E.,583001,True,True,True,
occupation_type_employee_611001,Capataz Forestal,611001,True,True,True,
occupation_type_employee_611002,Capataz De Campo De Hacienda,611002,True,True,True,
occupation_type_employee_611003,"Caporal, Mayordomo De Hacienda",611003,True,True,True,
occupation_type_employee_611004,Jefe De Maquinaria Agricola,611004,True,True,True,
occupation_type_employee_612001,Agricultor,612001,True,True,True,
occupation_type_employee_612002,"Agricultor Explotador, Cultivo/Alfalfa",612002,True,True,True,
occupation_type_employee_612003,"Agricultor Explotador, Cultivo/Algodon",612003,True,True,True,
occupation_type_employee_612004,"Agricultor Explotador, Cultivo/Arroz",612004,True,True,True,
occupation_type_employee_612005,"Agricultor Explotador, Cultivo/Cacahuete",612005,True,True,True,
occupation_type_employee_612006,"Agricultor Explotador, Cultivo/Caða De Azucar",612006,True,True,True,
occupation_type_employee_612007,"Agricultor Explotador, Cultivo/Cereales",612007,True,True,True,
occupation_type_employee_612008,"Agricultor Explotador, Cultivo/Flores",612008,True,True,True,
occupation_type_employee_612009,"Agricultor Explotador, Cultivo/Grano",612009,True,True,True,
occupation_type_employee_612010,"Agricultor Explotador, Cultivo/Hortalizas (Cultivo Extensiv",612010,True,True,True,
occupation_type_employee_612011,"Agricultor Explotador, Cultivo/Lino",612011,True,True,True,
occupation_type_employee_612012,"Agricultor Explotador, Cultivo/Maiz",612012,True,True,True,
occupation_type_employee_612013,"Agricultor Explotador, Cultivo/Remolacha",612013,True,True,True,
occupation_type_employee_612014,"Agricultor Explotador, Cultivo/Sisal",612014,True,True,True,
occupation_type_employee_612015,"Agricultor Explotador, Cultivo/Soja",612015,True,True,True,
occupation_type_employee_612016,"Agricultor Explotador, Cultivo/Tabaco",612016,True,True,True,
occupation_type_employee_612017,"Agricultor Explotador, Cultivo/Trigo",612017,True,True,True,
occupation_type_employee_612018,"Agricultor Explotador, Cultivo/Yute",612018,True,True,True,
occupation_type_employee_612019,"Productor, Cultivos Extensivos",612019,True,True,True,
occupation_type_employee_612020,"Productor, Hortalizas/Cultivo Extensivo",612020,True,True,True,
occupation_type_employee_612021,"Productor, Remolacha Azucarera",612021,True,True,True,
occupation_type_employee_612022,"Productor, Soya",612022,True,True,True,
occupation_type_employee_612023,"Trabajador Agricola Calificado, Algodon",612023,True,True,True,
occupation_type_employee_612024,"Trabajador Agricola Calificado, Arroz",612024,True,True,True,
occupation_type_employee_612025,"Trabajador Agricola Calificado, Cacahuetes",612025,True,True,True,
occupation_type_employee_612026,"Trabajador Agricola Calificado, Caða De Azucar",612026,True,True,True,
occupation_type_employee_612027,"Trabajador Agricola Calificado, Cultivo Extensivo",612027,True,True,True,
occupation_type_employee_612028,"Trabajador Agricola Calificado, Hortalizas",612028,True,True,True,
occupation_type_employee_612029,"Trabajador Agricola Calificado, Irrigacion",612029,True,True,True,
occupation_type_employee_612030,"Trabajador Agricola Calificado, Lino",612030,True,True,True,
occupation_type_employee_612031,"Trabajador Agricola Calificado, Patatas",612031,True,True,True,
occupation_type_employee_612032,"Trabajador Agricola Calificado, Remolacha",612032,True,True,True,
occupation_type_employee_612033,"Trabajador Agricola Calificado, Tabaco",612033,True,True,True,
occupation_type_employee_612034,"Trabajador Agricola Calificado, Trigo",612034,True,True,True,
occupation_type_employee_612035,"Trabajador Agricola Calificado, Yute",612035,True,True,True,
occupation_type_employee_613001,"Agricultor Explotador, Almendras",613001,True,True,True,
occupation_type_employee_613002,"Agricultor Explotador, Cultivo/Citricos",613002,True,True,True,
occupation_type_employee_613003,"Agricultor Explotador, Plantacion/Cacao",613003,True,True,True,
occupation_type_employee_613004,"Agricultor Explotador, Plantacion/Cafe,Te",613004,True,True,True,
occupation_type_employee_613005,"Agricultor Explotador, Plantacion/Cocoteros",613005,True,True,True,
occupation_type_employee_613006,"Agricultor Explotador, Plantacion/Hevea",613006,True,True,True,
occupation_type_employee_613007,Agricultor Explotador De Via,613007,True,True,True,
occupation_type_employee_613008,"Arboricultor, Almendros",613008,True,True,True,
occupation_type_employee_613009,"Arboricultor, Arbustos",613009,True,True,True,
occupation_type_employee_613010,"Arboricultor, Cacao",613010,True,True,True,
occupation_type_employee_613011,"Arboricultor, Cafetales",613011,True,True,True,
occupation_type_employee_613012,"Arboricultor, Cocoteros",613012,True,True,True,
occupation_type_employee_613013,"Arboricultor, Frutales En General",613013,True,True,True,
occupation_type_employee_613014,"Arboricultor, Lupulo",613014,True,True,True,
occupation_type_employee_613015,"Arboricultor, Nogales",613015,True,True,True,
occupation_type_employee_613016,"Arboricultor, Oleaginosas",613016,True,True,True,
occupation_type_employee_613017,"Arboricultor, Plantaciones/Copra",613017,True,True,True,
occupation_type_employee_613018,"Arboricultor, Plantaciones/Hevea",613018,True,True,True,
occupation_type_employee_613019,"Arboricultor, Plantaciones/Te",613019,True,True,True,
occupation_type_employee_613020,"Cultivador, Lupulo",613020,True,True,True,
occupation_type_employee_613021,"Cultivador, Plantaciones/Te",613021,True,True,True,
occupation_type_employee_613022,"Cultivador Explotador, Caucho",613022,True,True,True,
occupation_type_employee_613023,Fruticultor,613023,True,True,True,
occupation_type_employee_613024,Injertador,613024,True,True,True,
occupation_type_employee_613025,"Podador, Arboles Frutales",613025,True,True,True,
occupation_type_employee_613026,"Podador-Injertador, Arbustos",613026,True,True,True,
occupation_type_employee_613027,Resinero,613027,True,True,True,
occupation_type_employee_613028,"Sangrador, Arboles/Excepto Hevea",613028,True,True,True,
occupation_type_employee_613029,"Sangrador, Caucho",613029,True,True,True,
occupation_type_employee_613030,"Sangrador, Jarabe De Arce",613030,True,True,True,
occupation_type_employee_613031,Shivingero,613031,True,True,True,
occupation_type_employee_613032,"Trabajador Agricola Calificado, Arboles Frutales",613032,True,True,True,
occupation_type_employee_613033,"Trabajador Agricola Calificado, Arbustos",613033,True,True,True,
occupation_type_employee_613034,"Trabajador Agricola Calificado, Cacao",613034,True,True,True,
occupation_type_employee_613035,"Trabajador Agricola Calificado, Cafe",613035,True,True,True,
occupation_type_employee_613036,"Trabajador Agricola Calificado, Cosecha/Arbustos",613036,True,True,True,
occupation_type_employee_613037,"Trabajador Agricola Calificado, Hevea",613037,True,True,True,
occupation_type_employee_613038,"Trabajador Agricola Calificado, Huertos",613038,True,True,True,
occupation_type_employee_613039,"Trabajador Agricola Calificado, Lupulo",613039,True,True,True,
occupation_type_employee_613040,"Trabajador Agricola Calificado, Plantaciones/Arbustos",613040,True,True,True,
occupation_type_employee_613041,"Trabajador Agricola Calificado, Plantaciones/Te",613041,True,True,True,
occupation_type_employee_613042,"Trabajador Agricola Calificado, Viticultura",613042,True,True,True,
occupation_type_employee_613043,Vinicultor,613043,True,True,True,
occupation_type_employee_613044,Viticultor,613044,True,True,True,
occupation_type_employee_614001,"Cultivador, Hongos",614001,True,True,True,
occupation_type_employee_614002,"Cultivador, Setas Y Champiðones",614002,True,True,True,
occupation_type_employee_614003,"Cultivador, Viveros",614003,True,True,True,
occupation_type_employee_614004,"Cultivador, Viveros/Bulbos",614004,True,True,True,
occupation_type_employee_614005,"Cultivador, Viveros/Especias",614005,True,True,True,
occupation_type_employee_614006,"Cultivador, Viveros/Hortalizas",614006,True,True,True,
occupation_type_employee_614007,"Cultivador, Viveros/Semillas",614007,True,True,True,
occupation_type_employee_614008,Floricultor,614008,True,True,True,
occupation_type_employee_614009,"Floricultor, Rosas",614009,True,True,True,
occupation_type_employee_614010,"Floricultor, Tulipanes",614010,True,True,True,
occupation_type_employee_614011,Hortelano,614011,True,True,True,
occupation_type_employee_614012,Horticultor,614012,True,True,True,
occupation_type_employee_614013,"Horticultor, Viveros",614013,True,True,True,
occupation_type_employee_614014,"Jardinero, Semillero",614014,True,True,True,
occupation_type_employee_614015,"Jardinero, Viveros",614015,True,True,True,
occupation_type_employee_614016,"Trabajador Agricola Calificado, Cesped",614016,True,True,True,
occupation_type_employee_614017,"Trabajador Agricola Calificado, Cultivo De Hongos",614017,True,True,True,
occupation_type_employee_614018,"Trabajador Agricola Calificado, Horticultura",614018,True,True,True,
occupation_type_employee_614019,"Trabajador Agricola Calificado, Vivero",614019,True,True,True,
occupation_type_employee_615001,"Agricultor (Explotador), Policultivos",615001,True,True,True,
occupation_type_employee_615002,"Agricultor Forestal, Trabajador Independiente",615002,True,True,True,
occupation_type_employee_615003,"Agricultor Ganadero, Trabajador Independiente",615003,True,True,True,
occupation_type_employee_615004,"Explotador Agricola, Trabajador Independiente",615004,True,True,True,
occupation_type_employee_615005,"Explotador Agropecuario, Trabajador Independiente",615005,True,True,True,
occupation_type_employee_615006,"Campesino, Trabajador Independiente",615006,True,True,True,
occupation_type_employee_615007,"Ganadero Forestal, Trabajador Independiente",615007,True,True,True,
occupation_type_employee_615008,"Trabajador Agricola Calificado, Policultivos",615008,True,True,True,
occupation_type_employee_616001,"Explotador, Forestal O Bosques",616001,True,True,True,
occupation_type_employee_616002,Almadiero,616002,True,True,True,
occupation_type_employee_616003,"Aserrador, Monte",616003,True,True,True,
occupation_type_employee_616004,"Clasificador, Troncos",616004,True,True,True,
occupation_type_employee_616005,Cortador De Traviesas De Ferrocarril Y/O Postes,616005,True,True,True,
occupation_type_employee_616006,"Cubicador, Madera",616006,True,True,True,
occupation_type_employee_616007,"Descorchador, Alcornoques",616007,True,True,True,
occupation_type_employee_616008,"Descortezador, Arboles",616008,True,True,True,
occupation_type_employee_616009,"Escalador-Podador, Arboles",616009,True,True,True,
occupation_type_employee_616010,"Escuadrador, Troncos",616010,True,True,True,
occupation_type_employee_616011,"Supervisor, Forestal",616011,True,True,True,
occupation_type_employee_616012,"Flotador, Troncos",616012,True,True,True,
occupation_type_employee_616013,Gabarrero,616013,True,True,True,
occupation_type_employee_616014,Ganchero Forestal,616014,True,True,True,
occupation_type_employee_616015,Guardabosques,616015,True,True,True,
occupation_type_employee_616016,"Marcador, Arboles",616016,True,True,True,
occupation_type_employee_616017,"Plantador, Arboles/Silvicultura",616017,True,True,True,
occupation_type_employee_616018,"Podador, Silvicultura",616018,True,True,True,
occupation_type_employee_616019,"Secador, Corcho",616019,True,True,True,
occupation_type_employee_616020,Talador En General (Cortador De Arboles),616020,True,True,True,
occupation_type_employee_616021,Trabajador Forestal Calificado,616021,True,True,True,
occupation_type_employee_616022,"Trabajador Forestal Calificado, Repoblacion Forestal",616022,True,True,True,
occupation_type_employee_616023,"Trabajador Forestal Calificado, Silvicultura",616023,True,True,True,
occupation_type_employee_616024,"Trozador, Arboles",616024,True,True,True,
occupation_type_employee_616025,"Trozador, Traviesas De Ferrocarril",616025,True,True,True,
occupation_type_employee_616026,"Trozador, Vigas",616026,True,True,True,
occupation_type_employee_617001,"Carbonero, Carbon Vegetal",617001,True,True,True,
occupation_type_employee_617002,"Destilador, Madera",617002,True,True,True,
occupation_type_employee_617003,"Trabajador Carbonero Calificado, Carbon Vegetal/Tecnicas Tr",617003,True,True,True,
occupation_type_employee_617004,"Trabajador Forestal Calificado, Destilacion De Madera/Tecni",617004,True,True,True,
occupation_type_employee_621001,"Criador, Auquenidos",621001,True,True,True,
occupation_type_employee_621002,"Criador, Caballos",621002,True,True,True,
occupation_type_employee_621003,"Criador, Conejos",621003,True,True,True,
occupation_type_employee_621004,"Criador, Corderos De Astracan",621004,True,True,True,
occupation_type_employee_621005,"Criador, Cuyes",621005,True,True,True,
occupation_type_employee_621006,"Criador, Ganado Vacuno (Excepto Ganado Lechero)",621006,True,True,True,
occupation_type_employee_621007,"Criador, Ganado Bovino",621007,True,True,True,
occupation_type_employee_621008,"Criador, Ganado Caballar",621008,True,True,True,
occupation_type_employee_621009,"Criador, Ganado Caprino/Cabras (Lana)",621009,True,True,True,
occupation_type_employee_621010,"Criador, Ganado Ovino (Lana)",621010,True,True,True,
occupation_type_employee_621011,"Criador, Ganado Porcino",621011,True,True,True,
occupation_type_employee_621012,"Criador, Reproductores",621012,True,True,True,
occupation_type_employee_621013,Esquilador,621013,True,True,True,
occupation_type_employee_621014,Jefe De Cuadra,621014,True,True,True,
occupation_type_employee_621015,Ganadero,621015,True,True,True,
occupation_type_employee_621016,"Ganadero, Auquenidos",621016,True,True,True,
occupation_type_employee_621017,"Ganadero, Cunicultor/Conejo",621017,True,True,True,
occupation_type_employee_621018,"Ganadero, Cuyes",621018,True,True,True,
occupation_type_employee_621019,"Ganadero, Toro De Lidia",621019,True,True,True,
occupation_type_employee_621020,Ganadero Vacuno (Execpto Ganado Lechero),621020,True,True,True,
occupation_type_employee_621021,Ganadero Caballo,621021,True,True,True,
occupation_type_employee_621022,Ganadero Lanal,621022,True,True,True,
occupation_type_employee_621023,Ganadero Porcino,621023,True,True,True,
occupation_type_employee_621024,"Inseminador, Ganado",621024,True,True,True,
occupation_type_employee_621025,Ordeñador,621025,True,True,True,
occupation_type_employee_621026,Trabajador Pecuario Calificado,621026,True,True,True,
occupation_type_employee_621027,"Trabajador Pecuario Calificado, Criadero De Animales",621027,True,True,True,
occupation_type_employee_621028,"Trabajador Pecuario Calificado, Ganaderia",621028,True,True,True,
occupation_type_employee_621029,"Trabajador Pecuario Calificado, Ganado Vacuno",621029,True,True,True,
occupation_type_employee_621030,"Trabajador Pecuario Calificado, Ganado Lanar",621030,True,True,True,
occupation_type_employee_621031,"Trabajador Pecuario Calificado, Ganado Porcino",621031,True,True,True,
occupation_type_employee_622001,Criador De Vacas Lecheras,622001,True,True,True,
occupation_type_employee_622002,Criador De Cabras Para La Produccion De Leche,622002,True,True,True,
occupation_type_employee_623001,Avicultor,623001,True,True,True,
occupation_type_employee_623002,"Avicultor, Cria/Criadero",623002,True,True,True,
occupation_type_employee_623003,"Avicultor, Huevos",623003,True,True,True,
occupation_type_employee_623004,"Avicultor, Incubacion Artificial",623004,True,True,True,
occupation_type_employee_623005,"Avicultor, Ocas",623005,True,True,True,
occupation_type_employee_623006,"Avicultor, Patos",623006,True,True,True,
occupation_type_employee_623007,"Avicultor, Pavos",623007,True,True,True,
occupation_type_employee_623008,"Avicultor, Pollos",623008,True,True,True,
occupation_type_employee_623009,"Clasificador, Pollos",623009,True,True,True,
occupation_type_employee_623010,"Criador, Aves De Caza",623010,True,True,True,
occupation_type_employee_623011,"Criador, Aves De Corral",623011,True,True,True,
occupation_type_employee_623012,"Granjero, Avicultor",623012,True,True,True,
occupation_type_employee_623013,"Inseminador, Aves",623013,True,True,True,
occupation_type_employee_623014,"Sexador, Pollos",623014,True,True,True,
occupation_type_employee_623015,"Trabajador Calificado, Avicultura",623015,True,True,True,
occupation_type_employee_623016,"Trabajador Calificado, Incubadoras",623016,True,True,True,
occupation_type_employee_624001,Apicultor (Criador De Abejas),624001,True,True,True,
occupation_type_employee_624002,"Criador, Gusano De Seda",624002,True,True,True,
occupation_type_employee_624003,Sericicultor,624003,True,True,True,
occupation_type_employee_624004,"Trabajador Calificado, Apicultura",624004,True,True,True,
occupation_type_employee_624005,"Trabajador Calificado, Sericicultura",624005,True,True,True,
occupation_type_employee_625001,"Adiestrador, Perros",625001,True,True,True,
occupation_type_employee_625002,"Criador, Animales De Laboratorio/Cobayos",625002,True,True,True,
occupation_type_employee_625003,"Criador, Animales No Domesticos/Pieles Finas",625003,True,True,True,
occupation_type_employee_625004,"Criador, Animales Salvajes/Pieles Finas",625004,True,True,True,
occupation_type_employee_625005,"Criador, Animales/Reservas Naturales",625005,True,True,True,
occupation_type_employee_625006,"Cuidador, Animales/Parques Zoologicos",625006,True,True,True,
occupation_type_employee_625007,"Cuidador, Animales/Reservas Naturales",625007,True,True,True,
occupation_type_employee_625008,Criador De Gatos,625008,True,True,True,
occupation_type_employee_625009,Criador De Perros,625009,True,True,True,
occupation_type_employee_625010,"Entrenador, Caballos De Carrera",625010,True,True,True,
occupation_type_employee_625011,"Guardian, Ganado",625011,True,True,True,
occupation_type_employee_625012,"Guardian, Pajarera",625012,True,True,True,
occupation_type_employee_625013,"Guardian, Parque Zoologico",625013,True,True,True,
occupation_type_employee_625014,"Trabajador Calificado, Aves Y Pajaros Salvajes",625014,True,True,True,
occupation_type_employee_625015,"Trabajador, Animales Salvajes/Pieles Finas",625015,True,True,True,
occupation_type_employee_625016,"Trabajador, Cria De Pajaros Salvajes",625016,True,True,True,
occupation_type_employee_625017,"Trabajador, Zoologico",625017,True,True,True,
occupation_type_employee_631001,Encargado De Acuario,631001,True,True,True,
occupation_type_employee_631002,Piscicultor Criadores De Especies Acuaticas,631002,True,True,True,
occupation_type_employee_631003,Pisicultor De Truchas,631003,True,True,True,
occupation_type_employee_631004,Trabajador De Piscigranjas,631004,True,True,True,
occupation_type_employee_631005,Langostero,631005,True,True,True,
occupation_type_employee_631006,Ostricultor,631006,True,True,True,
occupation_type_employee_631007,Mariscador/Marisquero,631007,True,True,True,
occupation_type_employee_631008,Mejillonero,631008,True,True,True,
occupation_type_employee_631009,Ostrero,631009,True,True,True,
occupation_type_employee_631010,Larvero,631010,True,True,True,
occupation_type_employee_632001,"Buzo, Pescador/Esponjas",632001,True,True,True,
occupation_type_employee_632002,"Buzo, Pescador/Ostras",632002,True,True,True,
occupation_type_employee_632003,Pescador De Rio,632003,True,True,True,
occupation_type_employee_632004,Pescador De Lago,632004,True,True,True,
occupation_type_employee_632005,"Pescador, Agua Dulce",632005,True,True,True,
occupation_type_employee_632006,"Pescador, Costero",632006,True,True,True,
occupation_type_employee_632007,"Pescador, Esponjas",632007,True,True,True,
occupation_type_employee_632008,"Pescador, Mariscador",632008,True,True,True,
occupation_type_employee_632009,"Pescador, Mejillonero",632009,True,True,True,
occupation_type_employee_632010,"Pescador, Ostras Perliferas",632010,True,True,True,
occupation_type_employee_633001,Almadrabero,633001,True,True,True,
occupation_type_employee_633002,Anchovetero,633002,True,True,True,
occupation_type_employee_633003,Pescador De Altura,633003,True,True,True,
occupation_type_employee_633004,Pescador De Bajura,633004,True,True,True,
occupation_type_employee_633005,Pescador De Bolichera,633005,True,True,True,
occupation_type_employee_633006,"Pescador, Rastra",633006,True,True,True,
occupation_type_employee_633007,"Pescador, Atunero",633007,True,True,True,
occupation_type_employee_633008,Redero De Mar,633008,True,True,True,
occupation_type_employee_633009,"Tripulacion De Barcos Pesqueros, Otros",633009,True,True,True,
occupation_type_employee_634001,Arponero,634001,True,True,True,
occupation_type_employee_634002,Ballenero,634002,True,True,True,
occupation_type_employee_634003,"Cazador, Ballenas",634003,True,True,True,
occupation_type_employee_634004,"Descuartizador, Ballenas",634004,True,True,True,
occupation_type_employee_635001,Camaronero,635001,True,True,True,
occupation_type_employee_635002,"Recolector De Algas, Esponjas O Musgo Marino",635002,True,True,True,
occupation_type_employee_635003,Caracolero,635003,True,True,True,
occupation_type_employee_635004,Cazadores De Tortugas Marinas,635004,True,True,True,
occupation_type_employee_635005,Conchero,635005,True,True,True,
occupation_type_employee_635006,"Cazadores De Otros Animales Acuaticos (Focas, Lobos Marinos",635006,True,True,True,
occupation_type_employee_635007,Chorero,635007,True,True,True,
occupation_type_employee_635008,Criador De Ostras,635008,True,True,True,
occupation_type_employee_636001,Cazador De Animales Salvajes,636001,True,True,True,
occupation_type_employee_636002,"Cazador De Venado, Chinchilla",636002,True,True,True,
occupation_type_employee_636003,Cazador De Aves,636003,True,True,True,
occupation_type_employee_636004,Cazador De Monos,636004,True,True,True,
occupation_type_employee_636005,Cazador De Animales De Pieles,636005,True,True,True,
occupation_type_employee_636006,Cazador De Serpientes,636006,True,True,True,
occupation_type_employee_636007,"Cazador, Otros",636007,True,True,True,
occupation_type_employee_637008,Tramperos,637008,True,True,True,
occupation_type_employee_641001,"Agricultor, Subsistencia",641001,True,True,True,
occupation_type_employee_641002,"Trabajador Agricola Calificado, Cultivos De Subsistencia",641002,True,True,True,
occupation_type_employee_641003,"Pescador, Subsistencia",641003,True,True,True,
occupation_type_employee_641004,"Trabajador, Pescador Calificado, Pesca De Subsistencia",641004,True,True,True,
occupation_type_employee_711008,Capataz O Contramaestre De Minas Y Canteras,711008,True,True,True,
occupation_type_employee_711009,Clasificador De Piedra,711009,True,True,True,
occupation_type_employee_711010,"Colector De Muestras,Minas",711010,True,True,True,
occupation_type_employee_711011,"Conductor De Maquina Rozadora, Cortadora, Perforadora,Etc",711011,True,True,True,
occupation_type_employee_711012,Conductor De Maquina Continua De Arranque,711012,True,True,True,
occupation_type_employee_711013,Cribador De Carbon O Minerales,711013,True,True,True,
occupation_type_employee_711014,Desmuestrador O Colector De Muestras,711014,True,True,True,
occupation_type_employee_711015,"Dinamitero, Pegador, Minas Y Canteras",711015,True,True,True,
occupation_type_employee_711016,"Dolador, Piedras",711016,True,True,True,
occupation_type_employee_711017,"Enganchador, Minas",711017,True,True,True,
occupation_type_employee_711018,Escogedor De Minerales,711018,True,True,True,
occupation_type_employee_711019,Escogedor De Piedras,711019,True,True,True,
occupation_type_employee_711020,Estribador De Minerales,711020,True,True,True,
occupation_type_employee_711021,"Entibador, Enmaderador De Mina O De Galeria",711021,True,True,True,
occupation_type_employee_711022,Grabador De Inscripciones Y Piedra A Mano,711022,True,True,True,
occupation_type_employee_711023,Grabador Motivos Simples En Bloques De Piedras,711023,True,True,True,
occupation_type_employee_711024,Grabador De Piedra Con Estarcidores,711024,True,True,True,
occupation_type_employee_711025,Grabador De Relieve En Piedra A Mano,711025,True,True,True,
occupation_type_employee_711026,Hendedor De Piedras,711026,True,True,True,
occupation_type_employee_711027,Lavador De Oro,711027,True,True,True,
occupation_type_employee_711028,Lavador De Minerales,711028,True,True,True,
occupation_type_employee_711029,"Machacador, Triturador, Minerales",711029,True,True,True,
occupation_type_employee_711030,"Maniobrista, Minas",711030,True,True,True,
occupation_type_employee_711031,Molinero De Mineral,711031,True,True,True,
occupation_type_employee_711032,Operador De Aparato De Precipitacion,711032,True,True,True,
occupation_type_employee_711033,"Operador De Cono De Separacion, Minas",711033,True,True,True,
occupation_type_employee_711034,Operador De Cribas Hidraulicas,711034,True,True,True,
occupation_type_employee_711035,Operador De Instalaciones De Flotacion,711035,True,True,True,
occupation_type_employee_711036,Operador De Prensa De Pellets De Mineral,711036,True,True,True,
occupation_type_employee_711037,Operador De Quebrantadora De Mineral,711037,True,True,True,
occupation_type_employee_711038,Operador De Quebrantadora De Rocas,711038,True,True,True,
occupation_type_employee_711039,Operador De Trituradora De Minerales,711039,True,True,True,
occupation_type_employee_711040,"Palero, Minas",711040,True,True,True,
occupation_type_employee_711041,"Pegador, Minas Y Canteras",711041,True,True,True,
occupation_type_employee_711042,Perforadores De Minas,711042,True,True,True,
occupation_type_employee_711043,Perforador De Piedras,711043,True,True,True,
occupation_type_employee_711044,Prensador De Briquetas De Carbon,711044,True,True,True,
occupation_type_employee_711045,Pulidor De Piedra A Mano,711045,True,True,True,
occupation_type_employee_711046,Pulidor De Piedra A Maquina,711046,True,True,True,
occupation_type_employee_711047,"Sacamuestras, Minas",711047,True,True,True,
occupation_type_employee_711048,Tallador De Laminas,711048,True,True,True,
occupation_type_employee_711049,Tallador De Piedra,711049,True,True,True,
occupation_type_employee_711050,"Terraplenista,Minas",711050,True,True,True,
occupation_type_employee_711051,"Terrerista, Minas",711051,True,True,True,
occupation_type_employee_711052,"Tolvero,Minas Y Canteras",711052,True,True,True,
occupation_type_employee_711053,"Tomador De Muestras,Minas",711053,True,True,True,
occupation_type_employee_711054,"Tornero, Labrade Piedra",711054,True,True,True,
occupation_type_employee_711055,Trazador Sobre Piedra,711055,True,True,True,
occupation_type_employee_711056,Trecheador De Minas Y Canteras,711056,True,True,True,
occupation_type_employee_711057,"Triturador, Minerales",711057,True,True,True,
occupation_type_employee_711058,Tronzador De Piedras,711058,True,True,True,
occupation_type_employee_712001,"Cementador, Pozos De Petroleo Y Gas",712001,True,True,True,
occupation_type_employee_712002,"Conductores De Perforadora De Percusion, Pozos De Petroleo",712002,True,True,True,
occupation_type_employee_712003,"Conductores De Tren De Sondeo Por Rotacion, Pozos De Petrol",712003,True,True,True,
occupation_type_employee_712004,Desincrustador De Pozos De Petroleo Y Gas,712004,True,True,True,
occupation_type_employee_712005,"Mecanico De Sondas, Pozos De Petroleo Y Gas",712005,True,True,True,
occupation_type_employee_712006,Operador De Acidificacion De Pozos De Petroleo,712006,True,True,True,
occupation_type_employee_712007,Otros Sondistas Y Trabajadores Asimilados,712007,True,True,True,
occupation_type_employee_712009,"Perforador Con Aparato Rotativo, Pozos De Petroleo Y Gas",712009,True,True,True,
occupation_type_employee_712010,Perforador De Pozos De Agua,712010,True,True,True,
occupation_type_employee_712011,Perforador De Pozos Artesianos,712011,True,True,True,
occupation_type_employee_712012,Perforador De Pozos Petroliferos,712012,True,True,True,
occupation_type_employee_712013,Sondista De Pozos En Explotacion,712013,True,True,True,
occupation_type_employee_712014,"Sondista, Conductor De Perforadora De Percusion, Petroleo Y",712014,True,True,True,
occupation_type_employee_712015,"Sondista, Excepto Pozos De Petroleo Y Gas",712015,True,True,True,
occupation_type_employee_712016,"Sondista, Pozos De Petroleo Y Gas",712016,True,True,True,
occupation_type_employee_712017,"Sondista, Recuperacion Y Mantenimiento De Cilindros De Petr",712017,True,True,True,
occupation_type_employee_712018,"Sondista, Conductores De Tren De Sondeo Por Rotacion,",712018,True,True,True,
occupation_type_employee_712019,Tuberos De Sondeo,712019,True,True,True,
occupation_type_employee_713002,Cargador De Horno Alto,713002,True,True,True,
occupation_type_employee_713003,Colador De Horno Alto,713003,True,True,True,
occupation_type_employee_713004,"Fundidor De Alto Horno, Fusion De Mineral",713004,True,True,True,
occupation_type_employee_713005,"Fundidor De Convertidor De Acero, Al Oxigeno",713005,True,True,True,
occupation_type_employee_713006,"Fundidor De Convertidor Bessemer, De Acero",713006,True,True,True,
occupation_type_employee_713007,Fundidor En El Afino Y Refino De Metales No Ferreos,713007,True,True,True,
occupation_type_employee_713008,Fundidor En Hornos,713008,True,True,True,
occupation_type_employee_713009,Fundidor En Horno De Acero Martin Siemens,713009,True,True,True,
occupation_type_employee_713010,Fundidor En Horno Thomas,713010,True,True,True,
occupation_type_employee_713011,"Fundidor En Horno Electrico De Arco, Refino De Acero",713011,True,True,True,
occupation_type_employee_713012,Fundidor En Horno De Conver. Y Afinado De Metal.No Ferreos,713012,True,True,True,
occupation_type_employee_713013,Hornero De Alto Horno,713013,True,True,True,
occupation_type_employee_713014,Hornero De Convertidor Bassemer,713014,True,True,True,
occupation_type_employee_713015,Hornero De Conversion Y Afinacion De Metalesno Ferreos,713015,True,True,True,
occupation_type_employee_713016,Hornero De Horno Thomas O Elkem,713016,True,True,True,
occupation_type_employee_714003,Laminador De Acero En Caliente,714003,True,True,True,
occupation_type_employee_714004,Laminador De Acero En Tren Continuo,714004,True,True,True,
occupation_type_employee_714005,Laminador De Acero En Frio,714005,True,True,True,
occupation_type_employee_714006,Laminador De Metales No Ferreos,714006,True,True,True,
occupation_type_employee_714007,Laminador De Productos Semiacabados De Acero,714007,True,True,True,
occupation_type_employee_714008,Laminador De Tubos Sin Soldadura,714008,True,True,True,
occupation_type_employee_714009,Maquinista De Tren De Laminacion,714009,True,True,True,
occupation_type_employee_715002,Colador De Horno De Segunda Fusion,715002,True,True,True,
occupation_type_employee_715003,"Fundidor De Crisoles, Segunda Fusion",715003,True,True,True,
occupation_type_employee_715004,Fundidor De Cubilote,715004,True,True,True,
occupation_type_employee_715005,"Fundidor En Horno De Reverbero, Segunda Fusion",715005,True,True,True,
occupation_type_employee_715006,"Fundidor De Horno De Hogar Abierto, Seg. Fusion",715006,True,True,True,
occupation_type_employee_715007,"Fundidor En Horno Electrico, Segunda Fusion",715007,True,True,True,
occupation_type_employee_715008,Fundidor En Segunda Fusion,715008,True,True,True,
occupation_type_employee_715009,Hornero De Segunda Fusion,715009,True,True,True,
occupation_type_employee_715010,Operador De Horno De Recalentar,715010,True,True,True,
occupation_type_employee_716001,Colador De Horno A Presion,716001,True,True,True,
occupation_type_employee_716002,Colador De Moldes A Maquina Centrifugadora,716002,True,True,True,
occupation_type_employee_716003,"Colador En Moldes, Piezas De Metal",716003,True,True,True,
occupation_type_employee_716004,Fundidor De Piezas De Moldes,716004,True,True,True,
occupation_type_employee_716005,Operador De Maquina Centrifugadora De Colada,716005,True,True,True,
occupation_type_employee_716006,Operador De Maquina De Colar De Presion,716006,True,True,True,
occupation_type_employee_716007,Operador De Maquina Colada Continua De Tubos Y Varillas,716007,True,True,True,
occupation_type_employee_717001,Preparador De Moldes Sobre Banco,717001,True,True,True,
occupation_type_employee_717002,Constructor De Machos A Mano,717002,True,True,True,
occupation_type_employee_717003,Constructor De Machos A Maquina,717003,True,True,True,
occupation_type_employee_717004,Machero A Mano,717004,True,True,True,
occupation_type_employee_717005,Machero A Maquina,717005,True,True,True,
occupation_type_employee_717006,Moldeador A Maquina,717006,True,True,True,
occupation_type_employee_717007,Moldeador De Artesa,717007,True,True,True,
occupation_type_employee_717008,Moldeador De Caja,717008,True,True,True,
occupation_type_employee_717009,Preparador De Moldes En El Suelo Y En Fosas,717009,True,True,True,
occupation_type_employee_717010,Preparador De Moldes A Maquina,717010,True,True,True,
occupation_type_employee_718001,Bronceador,718001,True,True,True,
occupation_type_employee_718002,Cementador De Metales,718002,True,True,True,
occupation_type_employee_718003,Cementador De Metales Por Nutricion,718003,True,True,True,
occupation_type_employee_718004,Cementador De Metales Por Cianurizacion,718004,True,True,True,
occupation_type_employee_718005,Cementador De Metales Por Carbonizacion,718005,True,True,True,
occupation_type_employee_718006,Conductor De Prensa De Estirar Metales,718006,True,True,True,
occupation_type_employee_718007,Cromador,718007,True,True,True,
occupation_type_employee_718008,"Electroplastia, Galvanizador",718008,True,True,True,
occupation_type_employee_718009,Ementador De Metales,718009,True,True,True,
occupation_type_employee_718010,Estirador De Tubos Sin Soldadura,718010,True,True,True,
occupation_type_employee_718011,Extrusor De Metales,718011,True,True,True,
occupation_type_employee_718012,Galvanizador En Baðo Caliente,718012,True,True,True,
occupation_type_employee_718013,Metalizador A Pistola,718013,True,True,True,
occupation_type_employee_718014,Metalizador En Baðo Caliente,718014,True,True,True,
occupation_type_employee_718015,Niquelador,718015,True,True,True,
occupation_type_employee_718016,Normalizador De Metales,718016,True,True,True,
occupation_type_employee_718017,Operador De Maquina Recubridora De Alambre,718017,True,True,True,
occupation_type_employee_718018,Otros Galvanizadores Y Recubridores De Metales,718018,True,True,True,
occupation_type_employee_718019,Plateador,718019,True,True,True,
occupation_type_employee_718020,Pulverizador De Metal A Pistola,718020,True,True,True,
occupation_type_employee_718021,"Puntero, Metales",718021,True,True,True,
occupation_type_employee_718022,Recocedor De Metales,718022,True,True,True,
occupation_type_employee_718023,Revestidor En Baðo Caliente,718023,True,True,True,
occupation_type_employee_718024,Templador De Metales,718024,True,True,True,
occupation_type_employee_718025,Trefilador A Mano,718025,True,True,True,
occupation_type_employee_718026,Trefilador A Maquina,718026,True,True,True,
occupation_type_employee_718027,Zincador En Baðo Caliente,718027,True,True,True,
occupation_type_employee_719001,Decapador De Metales,719001,True,True,True,
occupation_type_employee_719002,Desbastador De Piezas De Moldeo,719002,True,True,True,
occupation_type_employee_719003,Limpiador De Metales,719003,True,True,True,
occupation_type_employee_719004,Limpiador De Metales Por Ondas Ultrasonicas,719004,True,True,True,
occupation_type_employee_719005,"Limpiador Por Chorro De Arena, Metales",719005,True,True,True,
occupation_type_employee_719006,"Operador De Soplador De Arena, Para Limpiar Metales",719006,True,True,True,
occupation_type_employee_719007,Pavonador De Metales,719007,True,True,True,
occupation_type_employee_719008,Pulidor De Piezas De Metal Colado,719008,True,True,True,
occupation_type_employee_719009,Pulidor De Piezas De Moldeo,719009,True,True,True,
occupation_type_employee_721001,Impregnador De Madera,721001,True,True,True,
occupation_type_employee_721002,Operador De Horno De Secado De Madera,721002,True,True,True,
occupation_type_employee_721003,Secador De Madera,721003,True,True,True,
occupation_type_employee_722001,"Aserrador En General, Serrerias",722001,True,True,True,
occupation_type_employee_722002,Clasificador De Madera,722002,True,True,True,
occupation_type_employee_722003,Conductor De Descortezadora,722003,True,True,True,
occupation_type_employee_722004,Cortadorde Chapa De Madera,722004,True,True,True,
occupation_type_employee_722005,Cortador De Paja De Madera,722005,True,True,True,
occupation_type_employee_722006,Descortezador A Maquina,722006,True,True,True,
occupation_type_employee_722007,Encolador De Chapas De Madera,722007,True,True,True,
occupation_type_employee_722008,Operador De Maquina Peladora Para Chapas,722008,True,True,True,
occupation_type_employee_722009,"Operador De Maquina Intercaladora De Chapas, Contrachapado",722009,True,True,True,
occupation_type_employee_722010,Operador De Prensa De Contrachapado,722010,True,True,True,
occupation_type_employee_722011,Operador De Prensa De Madera Terciada,722011,True,True,True,
occupation_type_employee_722012,Operador De Sierra De Cinta,722012,True,True,True,
occupation_type_employee_722013,Operador De Sierras De Recortar Tablas,722013,True,True,True,
occupation_type_employee_722014,"Serruchador,Aserradero",722014,True,True,True,
occupation_type_employee_723001,Blanqueador De Pasta Para Papel,723001,True,True,True,
occupation_type_employee_723002,Conductor De Desfibradora De Madera,723002,True,True,True,
occupation_type_employee_723003,"Conductor De Mojadoras, Pasta De Papel",723003,True,True,True,
occupation_type_employee_723004,"Conductor De Trituradoras, Pulpa De Madera",723004,True,True,True,
occupation_type_employee_723005,"Cortador De Trapos, Pasta De Papel",723005,True,True,True,
occupation_type_employee_723006,Cortador De Viruta Para Pulpa De Madera,723006,True,True,True,
occupation_type_employee_723007,Desfibrador Raspador De Madera,723007,True,True,True,
occupation_type_employee_723008,"Lejiador, Pasta Para Papel",723008,True,True,True,
occupation_type_employee_723009,"Operador De Batidora, Pulpa De Madera",723009,True,True,True,
occupation_type_employee_723010,"Operador De Caldera, Pasta Para Papel",723010,True,True,True,
occupation_type_employee_723011,Operador De Maquina De Triturar Madera,723011,True,True,True,
occupation_type_employee_723012,Operador De Pasta Para Papel En General,723012,True,True,True,
occupation_type_employee_723013,Pasta De Papel Laurente,723013,True,True,True,
occupation_type_employee_723014,Refinador De Pasta De Papel,723014,True,True,True,
occupation_type_employee_723015,"Trapero,Preparacion De Pasta Para Papel",723015,True,True,True,
occupation_type_employee_724001,"Conductor De Charoladora, Papel",724001,True,True,True,
occupation_type_employee_724002,"Conductor De Engomadora, Papel",724002,True,True,True,
occupation_type_employee_724003,"Conductor De Gofradora, Papel",724003,True,True,True,
occupation_type_employee_724004,"Conductor De Onduladora, Papel",724004,True,True,True,
occupation_type_employee_724005,"Conductor De Parafinadora, Papel",724005,True,True,True,
occupation_type_employee_724006,Operador De Calandria De Papel,724006,True,True,True,
occupation_type_employee_724007,"Operador Maquina De Fabricar Papel, Fase Humeda, Fase Seca",724007,True,True,True,
occupation_type_employee_724008,Operador De Maquina De Aprestar Papel,724008,True,True,True,
occupation_type_employee_724009,"Operador De Maquina Para Secado Y Enrollado, Papel",724009,True,True,True,
occupation_type_employee_724010,"Papelero, Fabricacion A Mano",724010,True,True,True,
occupation_type_employee_724011,Plisador De Papel,724011,True,True,True,
occupation_type_employee_724012,Satinador-Calandrador De Papel,724012,True,True,True,
occupation_type_employee_731001,"Moledor, Procedimientos Quimicos Afines",731001,True,True,True,
occupation_type_employee_731002,"Molinero, Tratamiento De Productos Quimicos Afines",731002,True,True,True,
occupation_type_employee_731003,Operador De Batidora De Helice,731003,True,True,True,
occupation_type_employee_731004,"Operador De Maquina Mezcladora, Tratamiento Quimico Afines",731004,True,True,True,
occupation_type_employee_731005,"Operador De Quebrantadora, Tratamiento Quimicos Afines",731005,True,True,True,
occupation_type_employee_731006,"Triturador-Pulperizador, Procedimientos Quimicos Y Afines",731006,True,True,True,
occupation_type_employee_732001,"Calcinador, Tratamientos Quimicos Y Afines",732001,True,True,True,
occupation_type_employee_732002,"Cocedor, Tratamientos Quimicos Y Afines",732002,True,True,True,
occupation_type_employee_732003,"Cuadrista (De Sistesis, Gas)",732003,True,True,True,
occupation_type_employee_732004,Deshidratador De Disoluciones Quimicos Por Pulverizacion,732004,True,True,True,
occupation_type_employee_732005,"Hornero, Fabricacion De Electrodos",732005,True,True,True,
occupation_type_employee_732006,"Hornero, Hornos Calcinacion, Tratamientos Quimicos Y Afines",732006,True,True,True,
occupation_type_employee_732007,"Operador De Autoclave, Tratamientos Quimicos Y Afines",732007,True,True,True,
occupation_type_employee_732008,"Operador De Caldera, Tratamientos Quimicos Y Afines",732008,True,True,True,
occupation_type_employee_732009,"Operador Hornos Calcinacion, Tratamientos Quimicos Y Afines",732009,True,True,True,
occupation_type_employee_732010,"Operador De Marmita, Tratamientos Quimicos Y Afines",732010,True,True,True,
occupation_type_employee_732011,"Operador De Secador, Tratamientos Quimicos Y Afines",732011,True,True,True,
occupation_type_employee_732012,"Pulverizador,Deshidratador De Disoluciones Quimicas",732012,True,True,True,
occupation_type_employee_732013,"Secador Productos Quimicos, Secador Cinta Transportadora",732013,True,True,True,
occupation_type_employee_732014,"Tostador, Tratamientos Quimicos Y Afines",732014,True,True,True,
occupation_type_employee_733001,Cribador De Productos Quimicos,733001,True,True,True,
occupation_type_employee_733002,"Deshidratador Petroleo Crudo, Campos Extraccion",733002,True,True,True,
occupation_type_employee_733004,Operador De Centrifugadora,733004,True,True,True,
occupation_type_employee_733005,Operador De Filtro-Prensa,733005,True,True,True,
occupation_type_employee_733006,Operador De Filtro De Tambor Giratorio,733006,True,True,True,
occupation_type_employee_733007,"Operad Separadora Centrifugadora, Tratamiento Quimico Y Afi",733007,True,True,True,
occupation_type_employee_733008,"Tamizador, Tratamientos Quimicos Y Afines",733008,True,True,True,
occupation_type_employee_734001,"Destilador Productos Quimicos, Excepto Petroleo",734001,True,True,True,
occupation_type_employee_734002,"Destilador Productos Quimicos, Excepto Petroleo, Alambique",734002,True,True,True,
occupation_type_employee_734003,Destilador De Madera,734003,True,True,True,
occupation_type_employee_734004,Destilador De Trementina De Madera,734004,True,True,True,
occupation_type_employee_734005,Destilador De Resina De Trementina,734005,True,True,True,
occupation_type_employee_734006,"Destilador, Bebidas Alcohol, Perfumeria, Glicerina",734006,True,True,True,
occupation_type_employee_734007,"Licorista, Destilacion",734007,True,True,True,
occupation_type_employee_734008,"Operador De Aparatos Reaccion, Conversion Productos Quimico",734008,True,True,True,
occupation_type_employee_734009,Operador De Evaporador,734009,True,True,True,
occupation_type_employee_734010,Refinador De Trementina,734010,True,True,True,
occupation_type_employee_735001,"Bombero, Refino Del Petroleo",735001,True,True,True,
occupation_type_employee_735002,Destilador Del Petroleo,735002,True,True,True,
occupation_type_employee_735003,"Desulfurador, Refino Del Petroleo",735003,True,True,True,
occupation_type_employee_735004,Desulfurador Hidrocaburos,735004,True,True,True,
occupation_type_employee_735005,"Mezclador, Refino Del Petroleo",735005,True,True,True,
occupation_type_employee_735006,Operador De Cuadro De Control Refino Del Petroleo,735006,True,True,True,
occupation_type_employee_735007,Operador De Filtros De Parafina,735007,True,True,True,
occupation_type_employee_735008,"Operador De Turbinas, Refino Del Petroleo",735008,True,True,True,
occupation_type_employee_735009,"Refino Del Petroleo,Bombero",735009,True,True,True,
occupation_type_employee_736001,Hilador De Nylon,736001,True,True,True,
occupation_type_employee_736002,Hilador De Rayon Y Similares,736002,True,True,True,
occupation_type_employee_737001,Ahumador De Latex,737001,True,True,True,
occupation_type_employee_737003,"Hornero, Coqueria",737003,True,True,True,
occupation_type_employee_737004,Lavador De Materias Quimicas,737004,True,True,True,
occupation_type_employee_737016,Operador De Bateria De Gas De Hulla,737016,True,True,True,
occupation_type_employee_737017,"Operador De Coqueria, Carbon De Coque",737017,True,True,True,
occupation_type_employee_737018,"Operador De Equipo Electronico,Tratamientos Quimicos",737018,True,True,True,
occupation_type_employee_737019,Operador De Planta Para Licuefaccion De Gas,737019,True,True,True,
occupation_type_employee_737020,Preparador De Almidon,737020,True,True,True,
occupation_type_employee_737021,Preparador De Glucosa,737021,True,True,True,
occupation_type_employee_737022,Preparador De Pigmentos,737022,True,True,True,
occupation_type_employee_741001,Alimentadores De Cardas,741001,True,True,True,
occupation_type_employee_741002,Batidor De Fibra,741002,True,True,True,
occupation_type_employee_741003,Canalero Textil,741003,True,True,True,
occupation_type_employee_741004,Cardador De Fibras,741004,True,True,True,
occupation_type_employee_741005,Clasificador De Fibra,741005,True,True,True,
occupation_type_employee_741006,Desfibrador De Lino O Yute,741006,True,True,True,
occupation_type_employee_741007,"Desmotador, Textil",741007,True,True,True,
occupation_type_employee_741008,"Despepitador, Algodon",741008,True,True,True,
occupation_type_employee_741009,Diablero,741009,True,True,True,
occupation_type_employee_741010,Emborrador De Lana,741010,True,True,True,
occupation_type_employee_741011,Escogedor De Fibra,741011,True,True,True,
occupation_type_employee_741012,Espapador,741012,True,True,True,
occupation_type_employee_741013,Estirador De Fibra,741013,True,True,True,
occupation_type_employee_741014,Lavador De Lana,741014,True,True,True,
occupation_type_employee_741015,Manuarera,741015,True,True,True,
occupation_type_employee_741016,Mezclador De Fibra,741016,True,True,True,
occupation_type_employee_741017,"Motosa O Raparadora, Seda",741017,True,True,True,
occupation_type_employee_741018,Napador De Fibra,741018,True,True,True,
occupation_type_employee_741019,Peinador De Fibra,741019,True,True,True,
occupation_type_employee_741020,Rastrillador De Lino,741020,True,True,True,
occupation_type_employee_741021,Torcedor De Mechas,741021,True,True,True,
occupation_type_employee_741022,Triador De Fibra,741022,True,True,True,
occupation_type_employee_742001,"Aspeador, Textil",742001,True,True,True,
occupation_type_employee_742002,"Bobinador, Textil",742002,True,True,True,
occupation_type_employee_742003,"Devanador, Textil",742003,True,True,True,
occupation_type_employee_742004,"Encarretador, Textil",742004,True,True,True,
occupation_type_employee_742005,Hilador De Torno,742005,True,True,True,
occupation_type_employee_742006,"Hilandero, Hilo E Hilaza",742006,True,True,True,
occupation_type_employee_742007,"Ovillador, Textil",742007,True,True,True,
occupation_type_employee_742008,"Pelotero, Textil",742008,True,True,True,
occupation_type_employee_742009,Plegador De Hilos,742009,True,True,True,
occupation_type_employee_742010,Retorcedor De Hilo O Hilaza,742010,True,True,True,
occupation_type_employee_742011,"Rodetero, Textil",742011,True,True,True,
occupation_type_employee_742012,Torcedor De Hilo O Hilaza,742012,True,True,True,
occupation_type_employee_742013,Trascanador De Madejas,742013,True,True,True,
occupation_type_employee_743001,Ajustador De Maquina Para Tejidos De Punto,743001,True,True,True,
occupation_type_employee_743002,"Ajustador De Peines, Telares",743002,True,True,True,
occupation_type_employee_743003,Ajustador De Telares,743003,True,True,True,
occupation_type_employee_743004,Ajustador De Telar Jacquard,743004,True,True,True,
occupation_type_employee_743005,Copista De Diseðos Para Cartones Jacquard,743005,True,True,True,
occupation_type_employee_743006,Enlazador De Cartones Jacquard,743006,True,True,True,
occupation_type_employee_743007,Operador De Maquinas De Reproduccion Cartones Para Tejidos,743007,True,True,True,
occupation_type_employee_743008,Picador De Cartones Jacquard,743008,True,True,True,
occupation_type_employee_744001,Tejedor De Alfombras A Mano,744001,True,True,True,
occupation_type_employee_744002,Tejedor De Alfombras En Telar Accionado A Mano,744002,True,True,True,
occupation_type_employee_744003,"Tejedor De Tapices,En Telar Accionado A Mano",744003,True,True,True,
occupation_type_employee_744004,Tejedor De Telar A Mano,744004,True,True,True,
occupation_type_employee_744005,Tejedor Ponchos O Mantas Telar Accionado A Mano,744005,True,True,True,
occupation_type_employee_745001,Confeccionador De Velos Y Mantillas A Maquina,745001,True,True,True,
occupation_type_employee_745002,Comprobador De Tejidos,745002,True,True,True,
occupation_type_employee_745003,Controlador De Tejidos,745003,True,True,True,
occupation_type_employee_745004,Controlador De Maquina Lectora Tejedora(Alfombras),745004,True,True,True,
occupation_type_employee_745005,Recontadora De Alfombras,745005,True,True,True,
occupation_type_employee_745006,Remendador De Tejidos,745006,True,True,True,
occupation_type_employee_745007,Reparadora De Alfombras,745007,True,True,True,
occupation_type_employee_745008,"Revisor De Tejidos, Obreros",745008,True,True,True,
occupation_type_employee_745009,Tejedor De Alfombra A Maquina,745009,True,True,True,
occupation_type_employee_745010,Tejedor De Redes,745010,True,True,True,
occupation_type_employee_745011,Tejedor De Tul,745011,True,True,True,
occupation_type_employee_745012,Tejedor De Telar Mecanico,745012,True,True,True,
occupation_type_employee_745013,Tejedor De Telar Jacquard,745013,True,True,True,
occupation_type_employee_745014,Urdidor,745014,True,True,True,
occupation_type_employee_745015,Zurcidor De Tejidos,745015,True,True,True,
occupation_type_employee_746001,"Calcetero,Tejedor A Maquina",746001,True,True,True,
occupation_type_employee_746002,Confeccionador De Tejidos De Punto,746002,True,True,True,
occupation_type_employee_746003,Operador De Maquina De Tricot,746003,True,True,True,
occupation_type_employee_746004,"Tejedor A Maquina, Generos De Punto",746004,True,True,True,
occupation_type_employee_746005,"Tejedor A Maquina, Calceteria",746005,True,True,True,
occupation_type_employee_746006,"Tejedor De Calceteria, Con Bastidor Mecanico",746006,True,True,True,
occupation_type_employee_746007,Tejedor De Punto En Maquina Hilan O Raschel,746007,True,True,True,
occupation_type_employee_747001,Calcetero A Mano,747001,True,True,True,
occupation_type_employee_747002,Tejedor De Punto En Bastidor Manual,747002,True,True,True,
occupation_type_employee_747003,Tejedor De Punto En Maquina Accionada A Mano,747003,True,True,True,
occupation_type_employee_747004,Tejedor De Punto A Mano,747004,True,True,True,
occupation_type_employee_748001,Acabador De Tejidos,748001,True,True,True,
occupation_type_employee_748002,Aderezador De Seda,748002,True,True,True,
occupation_type_employee_748003,Aprestador De Tejidos,748003,True,True,True,
occupation_type_employee_748004,Blanqueador,748004,True,True,True,
occupation_type_employee_748005,Carbonizador De Lana,748005,True,True,True,
occupation_type_employee_748006,Cargador De Seda,748006,True,True,True,
occupation_type_employee_748007,Cepillador De Pana,748007,True,True,True,
occupation_type_employee_748008,Desborrador De Textiles,748008,True,True,True,
occupation_type_employee_748009,Descrudador De Productos Textiles,748009,True,True,True,
occupation_type_employee_748010,Desgomador De Seda,748010,True,True,True,
occupation_type_employee_748011,Encogedor De Productos Textiles,748011,True,True,True,
occupation_type_employee_748012,"Encolador, Textiles",748012,True,True,True,
occupation_type_employee_748013,"Gaseador, Textiles",748013,True,True,True,
occupation_type_employee_748014,Impermeabilizador De Productos Textiles,748014,True,True,True,
occupation_type_employee_748015,Impregnador De Productos Textiles,748015,True,True,True,
occupation_type_employee_748016,Lavador De Hilados Y Productos Textiles,748016,True,True,True,
occupation_type_employee_748017,"Operador De Calandrias,Tejidos",748017,True,True,True,
occupation_type_employee_748018,Perchador De Textiles,748018,True,True,True,
occupation_type_employee_748019,Pilatero O Batanero,748019,True,True,True,
occupation_type_employee_748020,Planchador De Generos Acabados,748020,True,True,True,
occupation_type_employee_748021,Preparador De Aprestos Textiles,748021,True,True,True,
occupation_type_employee_748022,"Pulidor,Textiles",748022,True,True,True,
occupation_type_employee_748023,Sanforizador,748023,True,True,True,
occupation_type_employee_748024,"Secador,Fabricacion De Textiles",748024,True,True,True,
occupation_type_employee_748025,Tintorero De Fibras,748025,True,True,True,
occupation_type_employee_748026,Tintorero De Hilados,748026,True,True,True,
occupation_type_employee_748027,Tintorero De Ropas,748027,True,True,True,
occupation_type_employee_748028,Tintorero De Tejidos,748028,True,True,True,
occupation_type_employee_749001,Confeccionador De Conos De Fieltro Para Sombreros,749001,True,True,True,
occupation_type_employee_749002,Cordonero A Mano,749002,True,True,True,
occupation_type_employee_749003,Cordonero A Maquina,749003,True,True,True,
occupation_type_employee_749004,Encajadero A Mano,749004,True,True,True,
occupation_type_employee_749005,Flequero A Maquina,749005,True,True,True,
occupation_type_employee_749006,Flequero A Mano,749006,True,True,True,
occupation_type_employee_749007,Galonero A Maquina,749007,True,True,True,
occupation_type_employee_749008,Ganchillero A Mano,749008,True,True,True,
occupation_type_employee_749009,Hormador De Boinas,749009,True,True,True,
occupation_type_employee_749010,Mallero,749010,True,True,True,
occupation_type_employee_749011,Montador De Redes A Mano,749011,True,True,True,
occupation_type_employee_749012,"Hilanderos, Tejedores, Tintoreros, Trabajadores Asimilados",749012,True,True,True,
occupation_type_employee_749013,Pasamanero A Mano,749013,True,True,True,
occupation_type_employee_749014,Pasamanero A Maquina,749014,True,True,True,
occupation_type_employee_749015,"Preparador De Fieltro, A Maquina",749015,True,True,True,
occupation_type_employee_749016,Federo A Mano,749016,True,True,True,
occupation_type_employee_749017,Tejedor De Redes A Mano,749017,True,True,True,
occupation_type_employee_749018,Teje Pulseras,749018,True,True,True,
occupation_type_employee_751001,Adobador De Cueros,751001,True,True,True,
occupation_type_employee_751002,Clasificador De Cueros Y Pellejos,751002,True,True,True,
occupation_type_employee_751003,"Cortador De Cueros,Curtidores",751003,True,True,True,
occupation_type_employee_751004,Curtidor De Cueros,751004,True,True,True,
occupation_type_employee_751005,Descarnador De Cueros A Mano,751005,True,True,True,
occupation_type_employee_751006,Descarnador De Cueros A Maquina,751006,True,True,True,
occupation_type_employee_751007,Hendedor De Cueros O Cortador De Cueros,751007,True,True,True,
occupation_type_employee_751008,Lavador De Cueros,751008,True,True,True,
occupation_type_employee_751009,Lustrador De Cueros,751009,True,True,True,
occupation_type_employee_751010,Operador De Maquinas De Dividir Cueros,751010,True,True,True,
occupation_type_employee_751011,Operador De Rebanadora De Cueros,751011,True,True,True,
occupation_type_employee_751012,Pelador De Cueros A Mano,751012,True,True,True,
occupation_type_employee_751013,Pelador De Cueros Y Pellejos A Maquina,751013,True,True,True,
occupation_type_employee_751014,Pelambrero,751014,True,True,True,
occupation_type_employee_751015,"Pellejero, Curtidor",751015,True,True,True,
occupation_type_employee_751016,Teðidor De Cueros,751016,True,True,True,
occupation_type_employee_751017,Tintorero De Cueros,751017,True,True,True,
occupation_type_employee_752001,Adobador De Pieles,752001,True,True,True,
occupation_type_employee_752002,Clasificador De Pieles,752002,True,True,True,
occupation_type_employee_752003,Depilador De Pieles,752003,True,True,True,
occupation_type_employee_752004,Descarnador De Pieles,752004,True,True,True,
occupation_type_employee_752005,Escogedor De Pieles Sin Tratar,752005,True,True,True,
occupation_type_employee_752006,Estirador De Pieles,752006,True,True,True,
occupation_type_employee_752007,"Igualador De Pelo,Pieles",752007,True,True,True,
occupation_type_employee_752008,Rasurador De Pieles,752008,True,True,True,
occupation_type_employee_752009,Suavizador De Pieles,752009,True,True,True,
occupation_type_employee_752010,Teðidor De Pieles A Mano,752010,True,True,True,
occupation_type_employee_752011,Tintorero De Pieles A Mano,752011,True,True,True,
occupation_type_employee_761001,"Aventador De Granos,Molino",761001,True,True,True,
occupation_type_employee_761002,Despolvador De Granos,761002,True,True,True,
occupation_type_employee_761003,Molinero De Arroz,761003,True,True,True,
occupation_type_employee_761004,Molinero De Cereales,761004,True,True,True,
occupation_type_employee_761005,Molinero De Especias,761005,True,True,True,
occupation_type_employee_761006,Molinero De Granos,761006,True,True,True,
occupation_type_employee_761007,Operador De Pilon De Maiz,761007,True,True,True,
occupation_type_employee_761008,Pesador De Granos,761008,True,True,True,
occupation_type_employee_761009,Pulidor De Arroz,761009,True,True,True,
occupation_type_employee_761010,Revolvedor De Granos,761010,True,True,True,
occupation_type_employee_761011,Salvadero,761011,True,True,True,
occupation_type_employee_761012,Secador De Arroz,761012,True,True,True,
occupation_type_employee_761013,Semolero,761013,True,True,True,
occupation_type_employee_762001,"Carbonador, Refinacion De Azucar",762001,True,True,True,
occupation_type_employee_762002,"Cocedor, Refinacion De Azucar",762002,True,True,True,
occupation_type_employee_762003,"Comportero, Refinacion De Azucar",762003,True,True,True,
occupation_type_employee_762004,Macerador De Remolacha,762004,True,True,True,
occupation_type_employee_762005,"Operador De Cristalizadora, Refinacion De Azucar",762005,True,True,True,
occupation_type_employee_762006,"Operador De Difusor, Azucar De Remolacha",762006,True,True,True,
occupation_type_employee_762007,"Operad. Instalaciones Proceso Continuo, Refin. Azucar",762007,True,True,True,
occupation_type_employee_762008,Operador De Maquina Pulverizadora De Azucar,762008,True,True,True,
occupation_type_employee_762009,"Trapichero, Caða De Azucar",762009,True,True,True,
occupation_type_employee_763001,"Camalero, Matarife",763001,True,True,True,
occupation_type_employee_763002,Chacinero,763002,True,True,True,
occupation_type_employee_763003,Charcutero,763003,True,True,True,
occupation_type_employee_763004,Choricero,763004,True,True,True,
occupation_type_employee_763005,Cortador De Carne,763005,True,True,True,
occupation_type_employee_763006,Degollador De Reses,763006,True,True,True,
occupation_type_employee_763007,"Descuartizador De Reses, Matarife",763007,True,True,True,
occupation_type_employee_763008,Deshuesador,763008,True,True,True,
occupation_type_employee_763009,"Despostador, Carnes",763009,True,True,True,
occupation_type_employee_763010,"Despojero, Mataderos",763010,True,True,True,
occupation_type_employee_763011,Escargado De Matadero,763011,True,True,True,
occupation_type_employee_763012,"Fiambrero, Carnes",763012,True,True,True,
occupation_type_employee_763013,Mantequero (Manteca),763013,True,True,True,
occupation_type_employee_763014,Matancero,763014,True,True,True,
occupation_type_employee_763015,Matancero En General,763015,True,True,True,
occupation_type_employee_763016,Matarife,763016,True,True,True,
occupation_type_employee_763017,"Puntillero,Mataderos",763017,True,True,True,
occupation_type_employee_763018,"Tablajero, Carnes",763018,True,True,True,
occupation_type_employee_763019,Tripero,763019,True,True,True,
occupation_type_employee_764001,Acecinador,764001,True,True,True,
occupation_type_employee_764002,"Aceitador De Lleno Y Vacio, Conservas De Pescado",764002,True,True,True,
occupation_type_employee_764003,Aderezador De Aceitunas,764003,True,True,True,
occupation_type_employee_764004,Ahumador De Carnes Y Pescado,764004,True,True,True,
occupation_type_employee_764005,Capataz O Contramaestre De La Conservacion De Alimentos,764005,True,True,True,
occupation_type_employee_764006,"Cocedor-Conservero, En General",764006,True,True,True,
occupation_type_employee_764007,Cocedor De Salsas Y Condimentos,764007,True,True,True,
occupation_type_employee_764008,Cocedor-Esterilizador,764008,True,True,True,
occupation_type_employee_764009,Congelador De Alimentos,764009,True,True,True,
occupation_type_employee_764010,Curador De Carne O Pescado,764010,True,True,True,
occupation_type_employee_764011,Deshidratador De Alimentos,764011,True,True,True,
occupation_type_employee_764012,Enlatador De Pescado,764012,True,True,True,
occupation_type_employee_764013,Escabechero,764013,True,True,True,
occupation_type_employee_764014,"Limpiador De Frutas Y Hortalizas,Para Conservas",764014,True,True,True,
occupation_type_employee_764015,Obrero De La Prepac. Y Conserv.De Frutas Secas,764015,True,True,True,
occupation_type_employee_764016,"Operador De Evaporadora, Extractos Alimenticios",764016,True,True,True,
occupation_type_employee_764017,"Pelador De Frutas Y Hortalizas,Para Conservas",764017,True,True,True,
occupation_type_employee_764018,Preparador De Mermeladas,764018,True,True,True,
occupation_type_employee_764019,Preparador De Jamones O Jamonero,764019,True,True,True,
occupation_type_employee_764020,"Preparador De Bocaditos Envasados(Papa Frita,Camote,Etc)",764020,True,True,True,
occupation_type_employee_764021,Preparador De Alimentos Concentrados,764021,True,True,True,
occupation_type_employee_764022,Preparador De Charqui,764022,True,True,True,
occupation_type_employee_764023,Rellenador De Aceitunas,764023,True,True,True,
occupation_type_employee_764024,"Salador De Alimentos,Carnes Y Pescado",764024,True,True,True,
occupation_type_employee_764025,Salazonero,764025,True,True,True,
occupation_type_employee_764026,Salchichero,764026,True,True,True,
occupation_type_employee_764027,Secador De Pescado Al Sol,764027,True,True,True,
occupation_type_employee_764028,"Tonelero-Salador, Pesca",764028,True,True,True,
occupation_type_employee_765001,Cultivador De Fermentos Lacteos,765001,True,True,True,
occupation_type_employee_765002,Desecador-Pulverizador De Leche En Polvo,765002,True,True,True,
occupation_type_employee_765003,Esterilizador De Productos Lacteos,765003,True,True,True,
occupation_type_employee_765004,"Heladero,Fabricacion",765004,True,True,True,
occupation_type_employee_765005,Higienizador De Leche,765005,True,True,True,
occupation_type_employee_765006,Horchatero,765006,True,True,True,
occupation_type_employee_765007,"Leche Condensada, Preparador",765007,True,True,True,
occupation_type_employee_765008,Mantequillero O Mazador,765008,True,True,True,
occupation_type_employee_765009,Moldeador De Mantequilla,765009,True,True,True,
occupation_type_employee_765010,Operador De Batidora De Helados,765010,True,True,True,
occupation_type_employee_765011,Operador De Maquina De Homogenizacion De La Leche,765011,True,True,True,
occupation_type_employee_765012,Pasteurizador De Leche Y Productos Lacteos,765012,True,True,True,
occupation_type_employee_765013,Preparador De Manjarblanco Y Natillas,765013,True,True,True,
occupation_type_employee_765014,Preparador De Leche Condensada,765014,True,True,True,
occupation_type_employee_765015,Preparador De Yougurt Y Cremas,765015,True,True,True,
occupation_type_employee_765016,Quesero,765016,True,True,True,
occupation_type_employee_765017,Refrigerador De Leche O Productos Lacteos,765017,True,True,True,
occupation_type_employee_765018,Requesonero,765018,True,True,True,
occupation_type_employee_765019,Salador De Queso,765019,True,True,True,
occupation_type_employee_766001,Amasador De Pan,766001,True,True,True,
occupation_type_employee_766002,Arropiero,766002,True,True,True,
occupation_type_employee_766003,Catador De Cafe O De Te,766003,True,True,True,
occupation_type_employee_766004,Clasificador De Cafe O De Te,766004,True,True,True,
occupation_type_employee_766005,"Chancaquero, Elaborador De Chancaca",766005,True,True,True,
occupation_type_employee_766006,"Chocolatero, Preparador",766006,True,True,True,
occupation_type_employee_766007,"Churrero, Preparador",766007,True,True,True,
occupation_type_employee_766008,"Colocador De Tablas, Panaderia",766008,True,True,True,
occupation_type_employee_766009,"Confitero, Preparador",766009,True,True,True,
occupation_type_employee_766010,"Dulcero, Preparador",766010,True,True,True,
occupation_type_employee_766011,Escarchador De Frutas,766011,True,True,True,
occupation_type_employee_766012,Fidero,766012,True,True,True,
occupation_type_employee_766013,"Galletas, Fabricacion, Operador Maquinas Sobadora De Masa",766013,True,True,True,
occupation_type_employee_766014,"Galletas, Operador De Troquel",766014,True,True,True,
occupation_type_employee_766015,"Goma Mascar, Chicle, Operador Maquinas De Fabricar",766015,True,True,True,
occupation_type_employee_766016,Hojaldrista,766016,True,True,True,
occupation_type_employee_766017,Hornero De Pan,766017,True,True,True,
occupation_type_employee_766018,Laminador De Chocolates,766018,True,True,True,
occupation_type_employee_766019,Laminador De Galletas,766019,True,True,True,
occupation_type_employee_766020,"Mazapan, Confeccionador",766020,True,True,True,
occupation_type_employee_766021,"Mezclador De Ingredientes, Fabricacion Chocolate",766021,True,True,True,
occupation_type_employee_766022,"Melcochero, Preparador",766022,True,True,True,
occupation_type_employee_766023,Mezclador De Cafe,766023,True,True,True,
occupation_type_employee_766024,Mezclador De Te,766024,True,True,True,
occupation_type_employee_766025,Molinero De Cafe,766025,True,True,True,
occupation_type_employee_766026,Molinero De Cacao,766026,True,True,True,
occupation_type_employee_766027,"Molinero De Cacao,Fabricacion De Chocolates",766027,True,True,True,
occupation_type_employee_766028,"Oficial De Masa O De Pala,Panaderia",766028,True,True,True,
occupation_type_employee_766029,Operador De Maquina De Fabricar Pastas Alimenticias,766029,True,True,True,
occupation_type_employee_766030,"Operador De Maquina De Goma De Mascar,Chicle",766030,True,True,True,
occupation_type_employee_766031,"Operador Maq.Calibradora-Cortadora Masa, Fabric. De Galleta",766031,True,True,True,
occupation_type_employee_766032,"Operador Maq.Sobadora Masa, Fabricacion Galletas",766032,True,True,True,
occupation_type_employee_766033,Operador De Troquel De Galletas,766033,True,True,True,
occupation_type_employee_766034,"Panadero-Pastelero,En General",766034,True,True,True,
occupation_type_employee_766035,"Pastelero, Preparador",766035,True,True,True,
occupation_type_employee_766036,"Prensador De Cacao, Fabricacion De Chocolate",766036,True,True,True,
occupation_type_employee_766037,Preparador Pastas Pasteleria En Moldes A Maquina,766037,True,True,True,
occupation_type_employee_766038,Preparador De Pastas Alimenticias,766038,True,True,True,
occupation_type_employee_766039,"Repostero,Elaboracion De Pasteles Y Otros",766039,True,True,True,
occupation_type_employee_766040,Torrefactor De Cafe,766040,True,True,True,
occupation_type_employee_766041,Torrefactor De Achicoria Y Otros Sucedaneos,766041,True,True,True,
occupation_type_employee_766042,Tostador De Cafe,766042,True,True,True,
occupation_type_employee_766043,Tostador De Cacao,766043,True,True,True,
occupation_type_employee_766044,"Turronero, Preparador",766044,True,True,True,
occupation_type_employee_767001,Acetificador,767001,True,True,True,
occupation_type_employee_767002,Capataz O Contramaestre De Elaboracion De Bebidas,767002,True,True,True,
occupation_type_employee_767003,Catador De Vinos Y Licores,767003,True,True,True,
occupation_type_employee_767004,"Cervecero, Germinacion",767004,True,True,True,
occupation_type_employee_767005,Clasificador De Vinos,767005,True,True,True,
occupation_type_employee_767006,Enfrascador De Vinos,767006,True,True,True,
occupation_type_employee_767007,Cocedor De Malta,767007,True,True,True,
occupation_type_employee_767008,"Cocedor De Mosto, Cerveza",767008,True,True,True,
occupation_type_employee_767009,Desecador De Malta,767009,True,True,True,
occupation_type_employee_767010,Fermentador,767010,True,True,True,
occupation_type_employee_767011,Fermentador De Vinos,767011,True,True,True,
occupation_type_employee_767012,Filtrador De Cerveza,767012,True,True,True,
occupation_type_employee_767013,Gaseador De Sidra,767013,True,True,True,
occupation_type_employee_767014,"Lagarero, Vinos",767014,True,True,True,
occupation_type_employee_767015,"Lavador De Pasta,Sidra",767015,True,True,True,
occupation_type_employee_767016,"Maltero, Germinacion",767016,True,True,True,
occupation_type_employee_767017,Mezclador De Vinos,767017,True,True,True,
occupation_type_employee_767023,Operador De Prensas De Frutas,767023,True,True,True,
occupation_type_employee_767024,Pisador De Uva,767024,True,True,True,
occupation_type_employee_767025,Prensador De Uva,767025,True,True,True,
occupation_type_employee_767026,Preparador De Bebidas Carbonicas Y Jarabes,767026,True,True,True,
occupation_type_employee_767027,Secador De Malta,767027,True,True,True,
occupation_type_employee_767028,Sidrero,767028,True,True,True,
occupation_type_employee_767029,Trasegador De Vinos,767029,True,True,True,
occupation_type_employee_767030,Vinagrero,767030,True,True,True,
occupation_type_employee_768001,Almazarero,768001,True,True,True,
occupation_type_employee_768002,Descascarador O Tostador De Mani,768002,True,True,True,
occupation_type_employee_768003,Descascarador De Frutas Secas,768003,True,True,True,
occupation_type_employee_768004,Descascarador De Nueces,768004,True,True,True,
occupation_type_employee_768005,Despinador De Pejerreyes Y Otros Pescados,768005,True,True,True,
occupation_type_employee_768006,Extractor De Aceite De Orujo,768006,True,True,True,
occupation_type_employee_768007,Hidrogenador De Aceites Y Grasas,768007,True,True,True,
occupation_type_employee_768008,Limpiador De Camarones,768008,True,True,True,
occupation_type_employee_768009,Limpiador De Pejerreyes Y Otros Pescados,768009,True,True,True,
occupation_type_employee_768010,"Operador De Desdobladora, Aceite Y Derivados",768010,True,True,True,
occupation_type_employee_768011,"Operador De Hidrogenadora, Aceite Y Derivados",768011,True,True,True,
occupation_type_employee_768012,"Operador De Maq. Coaguladora, Grasa Vegetales",768012,True,True,True,
occupation_type_employee_768013,Pelador De Camarones,768013,True,True,True,
occupation_type_employee_768014,Pelador De Mani,768014,True,True,True,
occupation_type_employee_768015,"Pescadero, Limpiador De Pescado",768015,True,True,True,
occupation_type_employee_768016,Preparador De Margarina,768016,True,True,True,
occupation_type_employee_768017,Refinador De Aceites Y Grasas,768017,True,True,True,
occupation_type_employee_768018,Tostador De Cacahuates O Almendras,768018,True,True,True,
occupation_type_employee_768019,Preparador De Tamales,768019,True,True,True,
occupation_type_employee_769001,"Abridor De Capa Y Capillos,Elaboracion Cigarro",769001,True,True,True,
occupation_type_employee_769002,Acondicionador De Tabaco,769002,True,True,True,
occupation_type_employee_769003,Cigarrero A Mano,769003,True,True,True,
occupation_type_employee_769004,Cigarrero A Maquina,769004,True,True,True,
occupation_type_employee_769005,Clasificador De Cigarros,769005,True,True,True,
occupation_type_employee_769006,Clasificador De Tabaco,769006,True,True,True,
occupation_type_employee_769007,Despalillador De Tabaco A Mano,769007,True,True,True,
occupation_type_employee_769008,Despalillador De Tabaco A Maquina,769008,True,True,True,
occupation_type_employee_769009,Desvenador De Tabaco A Mano,769009,True,True,True,
occupation_type_employee_769010,Desvenador De Tabaco A Maquina,769010,True,True,True,
occupation_type_employee_769011,Enfriador De Tabaco,769011,True,True,True,
occupation_type_employee_769012,Escogedor De Tabaco,769012,True,True,True,
occupation_type_employee_769013,Humectador De Tabaco,769013,True,True,True,
occupation_type_employee_769014,"Laminador De Vena,Tabaco",769014,True,True,True,
occupation_type_employee_769015,Ligador De Tabaco,769015,True,True,True,
occupation_type_employee_769016,Mezclador De Tabaco,769016,True,True,True,
occupation_type_employee_769017,Mojador De Tabaco,769017,True,True,True,
occupation_type_employee_769018,Operador De Maquina De Picar Tabaco,769018,True,True,True,
occupation_type_employee_769019,Operador De Maquina Secadora De Tabaco,769019,True,True,True,
occupation_type_employee_769020,Operador De Maquina De Hacer Cigarrillos,769020,True,True,True,
occupation_type_employee_769021,Operador De Maquina De Hacer Filtros Cigarrillos,769021,True,True,True,
occupation_type_employee_769022,Operador Maq. Estampar Marcas De Los Cigarrillos,769022,True,True,True,
occupation_type_employee_769023,Operador De Maquina De Embolsar Cigarrillos,769023,True,True,True,
occupation_type_employee_769024,Oreador De Tabaco,769024,True,True,True,
occupation_type_employee_769025,Picador De Tabaco,769025,True,True,True,
occupation_type_employee_769026,Prensador De Cigarrillos,769026,True,True,True,
occupation_type_employee_769027,Prensador De Tabaco De Mascar,769027,True,True,True,
occupation_type_employee_769028,Preparador De Rape,769028,True,True,True,
occupation_type_employee_769029,Preparador De Picadura De Tabaco Para Pipa,769029,True,True,True,
occupation_type_employee_769030,Purero A Mano,769030,True,True,True,
occupation_type_employee_769031,Refrescador De Tabaco,769031,True,True,True,
occupation_type_employee_769032,"Rezagador, Fermentado Del Tabaco",769032,True,True,True,
occupation_type_employee_769033,"Rezagador De Capote, Elaboracion De Cigarrillos",769033,True,True,True,
occupation_type_employee_769034,"Rezagador De Capa, Elaboracion De Cigarros",769034,True,True,True,
occupation_type_employee_769035,Tendedor De Tabaco,769035,True,True,True,
occupation_type_employee_769036,Terrefactor De Tabaco,769036,True,True,True,
occupation_type_employee_769037,"Torcedor De Tabaco A Mano,Elaboracion Cigarros",769037,True,True,True,
occupation_type_employee_769038,Torcedor De Tabaco A Maq. Elaboracion De Cigarros,769038,True,True,True,
occupation_type_employee_771001,Camisera,771001,True,True,True,
occupation_type_employee_771002,Corsetera,771002,True,True,True,
occupation_type_employee_771003,Costurera-Modista,771003,True,True,True,
occupation_type_employee_771004,"Chalequero,Confeccion En Serie",771004,True,True,True,
occupation_type_employee_771005,"Maestro De Aguja Y Mesa,Sastre",771005,True,True,True,
occupation_type_employee_771006,Modista De Teatro,771006,True,True,True,
occupation_type_employee_771007,"Modiston, Modisto",771007,True,True,True,
occupation_type_employee_771008,"Pantalonero, Confeccion En Serie",771008,True,True,True,
occupation_type_employee_771009,"Sastre, Confeccion En Serie",771009,True,True,True,
occupation_type_employee_771010,"Sastre, A Medida",771010,True,True,True,
occupation_type_employee_771011,"Sastre, Cortador",771011,True,True,True,
occupation_type_employee_772001,Acabador De Trabajos De Peleteria,772001,True,True,True,
occupation_type_employee_772002,Bordadores A Mano O A Maquina En General,772002,True,True,True,
occupation_type_employee_772003,Clavador De Pieles,772003,True,True,True,
occupation_type_employee_772004,Combinador De Pieles Valiosas,772004,True,True,True,
occupation_type_employee_772005,"Cosedor A Mano Y A Maquina, En General",772005,True,True,True,
occupation_type_employee_772006,"Cosedor A Mano Prendas Vestir,Excepto Calzado Cuero",772006,True,True,True,
occupation_type_employee_772007,Cosedor A Mano De Prendas De Peleteria,772007,True,True,True,
occupation_type_employee_772008,Cosedor A Maquina-Remalladores,772008,True,True,True,
occupation_type_employee_772009,Escogedor Y Combinador De Pieles Valiosas,772009,True,True,True,
occupation_type_employee_772010,Manguitero O Peletero,772010,True,True,True,
occupation_type_employee_772011,Peletero,772011,True,True,True,
occupation_type_employee_773001,Acabador Y Adornador De Sombreros,773001,True,True,True,
occupation_type_employee_773002,Operador De Maquinas De Sombreros De Fieltro,773002,True,True,True,
occupation_type_employee_773003,"Sombrerero,Inclusive De Sombreros De Paja",773003,True,True,True,
occupation_type_employee_774001,Cortador De Guantes,774001,True,True,True,
occupation_type_employee_774002,"Cortador Prendas Vestir,Inclusive Cuero Y Piel",774002,True,True,True,
occupation_type_employee_774003,"Cortador Ropa Blanca, Tapiceria, Telas Paraguas",774003,True,True,True,
occupation_type_employee_774004,"Cortador De Toldos Y Sombrillas, Tiendas Campaða",774004,True,True,True,
occupation_type_employee_774005,"Cortador De Vestidos, Inclusive De Cuero Y Piel",774005,True,True,True,
occupation_type_employee_774006,Cortador De Velas De Embarcaciones,774006,True,True,True,
occupation_type_employee_774007,"Cortador, Sastreria",774007,True,True,True,
occupation_type_employee_774008,"Patronista Prendas Vestir, Lenceria, Sombreros, Gorros",774008,True,True,True,
occupation_type_employee_774009,Patronista De Ropa Blanca,774009,True,True,True,
occupation_type_employee_774010,"Patronista Tiendas Campaða,Toldos,Sombrillas",774010,True,True,True,
occupation_type_employee_774011,Patronista De Velas De Embarcaciones,774011,True,True,True,
occupation_type_employee_774012,Patronista De Tela De Paraguas,774012,True,True,True,
occupation_type_employee_774013,"Trazador De Prendas De Vestir, Lenceria",774013,True,True,True,
occupation_type_employee_775001,Colchonero,775001,True,True,True,
occupation_type_employee_775002,Confeccionador De Colchas,775002,True,True,True,
occupation_type_employee_775003,Confeccionador De Cortinas,775003,True,True,True,
occupation_type_employee_775004,Confeccionador De Ropa De Tapiceria,775004,True,True,True,
occupation_type_employee_775005,Confeccionador De Edredones,775005,True,True,True,
occupation_type_employee_775006,Tapicero De Muebles,775006,True,True,True,
occupation_type_employee_775007,Tapicero De Vehiculos,775007,True,True,True,
occupation_type_employee_776001,Abornador De Cueros,776001,True,True,True,
occupation_type_employee_776002,"Artesano Del Cuero, En General",776002,True,True,True,
occupation_type_employee_776003,"Cosedor De Cuero (Maletas, Carteras, Bolsas)",776003,True,True,True,
occupation_type_employee_776004,"Cortador De Cueros, Confecciones De Articulos",776004,True,True,True,
occupation_type_employee_776005,Guarnicionero,776005,True,True,True,
occupation_type_employee_776006,"Maletero, Cuero O Marroquin",776006,True,True,True,
occupation_type_employee_776008,"Marroquinero, Fabricacion De Articulos De Cuero",776008,True,True,True,
occupation_type_employee_776009,Montador De Articulos De Cuero,776009,True,True,True,
occupation_type_employee_776010,Repujador De Cueros,776010,True,True,True,
occupation_type_employee_776011,Talabartero,776011,True,True,True,
occupation_type_employee_776012,Troquilador De Cueros,776012,True,True,True,
occupation_type_employee_777001,Acabador De Calzado,777001,True,True,True,
occupation_type_employee_777002,Aparador De Calzado,777002,True,True,True,
occupation_type_employee_777003,Armador De Calzado,777003,True,True,True,
occupation_type_employee_777004,"Cortador Empeines Calzado, A Maquina O A Mano",777004,True,True,True,
occupation_type_employee_777005,"Cortador De Palas De Calzado, A Maquina O A Mano",777005,True,True,True,
occupation_type_employee_777006,Cortador De Suelas,777006,True,True,True,
occupation_type_employee_777007,"Cosedor De Calzado, A Maquina",777007,True,True,True,
occupation_type_employee_777008,Despuntador De Suelas,777008,True,True,True,
occupation_type_employee_777009,Guarnecedor De Calzado,777009,True,True,True,
occupation_type_employee_777010,"Hormero, Armador De Calzado",777010,True,True,True,
occupation_type_employee_777011,"Lijador De Cantos, Calzado",777011,True,True,True,
occupation_type_employee_777012,Montador De Palas De Calzado,777012,True,True,True,
occupation_type_employee_777013,Montador De Suelas,777013,True,True,True,
occupation_type_employee_777014,Patronista Del Calzado,777014,True,True,True,
occupation_type_employee_777015,Preparador De Palas De Calzado,777015,True,True,True,
occupation_type_employee_777016,Preparador De Suelas,777016,True,True,True,
occupation_type_employee_777017,Zapatero Ortopedista,777017,True,True,True,
occupation_type_employee_778001,"Ajustador-Operador De Cepilladora, Labra Madera",778001,True,True,True,
occupation_type_employee_778002,"Ajustador-Operador Molduradora, Labra De Madera",778002,True,True,True,
occupation_type_employee_778003,"Ajustador-Operador Ranuradora, Labra De Madera",778003,True,True,True,
occupation_type_employee_778004,"Ajustador-Operador Torno, Labra De Madera",778004,True,True,True,
occupation_type_employee_778005,Ajustador-Operador De Maq. Labrar Madera En Gral,778005,True,True,True,
occupation_type_employee_778006,Ajustador-Operador De Sierra Mecanica De Precision,778006,True,True,True,
occupation_type_employee_778007,"Ajustador-Operador Torno Automatico, Labra Madera",778007,True,True,True,
occupation_type_employee_778008,"Ajust-Operad Fresadora-Grabadora, Labra De Madera",778008,True,True,True,
occupation_type_employee_778009,Ajustador De Maq. De Labrar Madera En General,778009,True,True,True,
occupation_type_employee_778010,Acabador De Muebles De Madera,778010,True,True,True,
occupation_type_employee_778011,"Carrocero, Carrocerias De Madera",778011,True,True,True,
occupation_type_employee_778012,Cepillador De Madera,778012,True,True,True,
occupation_type_employee_778013,Chapeador De Muebles De Madera,778013,True,True,True,
occupation_type_employee_778014,Charolador,778014,True,True,True,
occupation_type_employee_778015,Confeccionador Muebles Madera Para El Hogar U Oficina,778015,True,True,True,
occupation_type_employee_778016,Confeccionador De Articulos Madera Para Deporte,778016,True,True,True,
occupation_type_employee_778017,Constructor De Carretas O Carretillas(Madera),778017,True,True,True,
occupation_type_employee_778018,Constructor De Ataudes,778018,True,True,True,
occupation_type_employee_778019,Constructor De Kioscos De Madera,778019,True,True,True,
occupation_type_employee_778020,Curvador De Madera,778020,True,True,True,
occupation_type_employee_778021,"Ebanista, Marqueteria",778021,True,True,True,
occupation_type_employee_778022,Ebanista De Mesa De Billar,778022,True,True,True,
occupation_type_employee_778023,Ebanista De Pianos,778023,True,True,True,
occupation_type_employee_778024,Ebanistas De Estuches Para Instrumentos,778024,True,True,True,
occupation_type_employee_778025,"Ebanista O Carpintero En Madera, Excepto Construccion",778025,True,True,True,
occupation_type_employee_778026,Laqueador De Muebles De Madera,778026,True,True,True,
occupation_type_employee_778027,Maquetista En Madera,778027,True,True,True,
occupation_type_employee_778028,Modelista En Madera,778028,True,True,True,
occupation_type_employee_778029,Mueblista De Madera En General,778029,True,True,True,
occupation_type_employee_778030,"Operador De Maq. De Labrar Madera,En General",778030,True,True,True,
occupation_type_employee_778031,"Operador De Maquinas De Labrar, En General",778031,True,True,True,
occupation_type_employee_778032,"Pipero, Pipas De Fumar",778032,True,True,True,
occupation_type_employee_778033,Restaurador De Articulos De Madera,778033,True,True,True,
occupation_type_employee_778034,Tallador De Madera,778034,True,True,True,
occupation_type_employee_778035,"Tallista, Madera",778035,True,True,True,
occupation_type_employee_778036,Tonelero,778036,True,True,True,
occupation_type_employee_778037,"Tornero,Labra De Madera",778037,True,True,True,
occupation_type_employee_778038,Trazador De Ebanisteria,778038,True,True,True,
occupation_type_employee_778039,"Trazador, Labrado De Madera",778039,True,True,True,
occupation_type_employee_778040,"Tupista, Labra De Madera",778040,True,True,True,
occupation_type_employee_779001,"Confeccionador De Velas,Carpas Y Toldos",779001,True,True,True,
occupation_type_employee_779002,Confeccionador De Alfombras De Nudos A Mano,779002,True,True,True,
occupation_type_employee_779003,Confeccionador De Bolsas De Hilo,779003,True,True,True,
occupation_type_employee_779004,Confeccionador De Calzado De Caðamo,779004,True,True,True,
occupation_type_employee_779005,Confeccionador De Calzado De Lona,779005,True,True,True,
occupation_type_employee_779006,Confeccionador De Flores Artificiales(De Tela),779006,True,True,True,
occupation_type_employee_779007,Confeccionador De Plumeros De Tela,779007,True,True,True,
occupation_type_employee_779008,Guarnecedor Con Plumas De Adorno,779008,True,True,True,
occupation_type_employee_779009,Paraguero,779009,True,True,True,
occupation_type_employee_781001,"Ajustador-Modelista,Fundicion",781001,True,True,True,
occupation_type_employee_781002,Ajustador De Mandriles Y Calibradores,781002,True,True,True,
occupation_type_employee_781003,Ajustador-Modelistas Y Trazadores Matrices En Metal,781003,True,True,True,
occupation_type_employee_781004,"Ajustador-Operador Maq. Herramientas, En General",781004,True,True,True,
occupation_type_employee_781005,Ajustador-Operador De Torno,781005,True,True,True,
occupation_type_employee_781006,"Ajustador-Operador De Fresadora,Incluye De Metal",781006,True,True,True,
occupation_type_employee_781007,"Ajustador-Operador Cepilladora, Incluye Metales",781007,True,True,True,
occupation_type_employee_781008,Ajustador-Operador Mandriladora De Metales,781008,True,True,True,
occupation_type_employee_781009,Ajustador-Operador De Taladradora,781009,True,True,True,
occupation_type_employee_781010,"Ajustador-Operador Rectificadora, Incluye Cilindros Y Metal",781010,True,True,True,
occupation_type_employee_781011,Ajustador-Operador De Esmeriladora De Metales,781011,True,True,True,
occupation_type_employee_781012,Ajustador-Operador De Maquina De Lapidar,781012,True,True,True,
occupation_type_employee_781013,Ajustador-Operador De Escopleadora De Metales,781013,True,True,True,
occupation_type_employee_781014,Ajustador-Operador De Torno De Roscar,781014,True,True,True,
occupation_type_employee_781015,Ajustador-Operador De Maq. De Tallar Engranajes,781015,True,True,True,
occupation_type_employee_781016,Ajustador-Operador De Maquina Mortajadora,781016,True,True,True,
occupation_type_employee_781017,Ajustador-Operador De Maquinas De Mecanismo Numerico De Con,781017,True,True,True,
occupation_type_employee_781018,Ayudante De Herrero,781018,True,True,True,
occupation_type_employee_781019,Afilador En General,781019,True,True,True,
occupation_type_employee_781020,Amolador De Sierras,781020,True,True,True,
occupation_type_employee_781021,Armero,781021,True,True,True,
occupation_type_employee_781022,Carpinteria Metalica,781022,True,True,True,
occupation_type_employee_781023,Cepillador De Metales,781023,True,True,True,
occupation_type_employee_781024,Cerrajero,781024,True,True,True,
occupation_type_employee_781025,Combero,781025,True,True,True,
occupation_type_employee_781026,Confeccionador A Mano De Piezas De Metal,781026,True,True,True,
occupation_type_employee_781027,Escopetero,781027,True,True,True,
occupation_type_employee_781028,Fresador,781028,True,True,True,
occupation_type_employee_781029,Forjador,781029,True,True,True,
occupation_type_employee_781030,Herramentista,781030,True,True,True,
occupation_type_employee_781031,"Herrador,Herrero",781031,True,True,True,
occupation_type_employee_781032,"Herrero,En General",781032,True,True,True,
occupation_type_employee_781033,Llaverero,781033,True,True,True,
occupation_type_employee_781034,Mandrilador,781034,True,True,True,
occupation_type_employee_781035,Mandrilero,781035,True,True,True,
occupation_type_employee_781036,Martillador-Herreria,781036,True,True,True,
occupation_type_employee_781037,Mecanico-Ajustador,781037,True,True,True,
occupation_type_employee_781038,Mecanico Especialista En Herramientas Y Matrices,781038,True,True,True,
occupation_type_employee_781039,"Modelista-Ajustador, Fundicion",781039,True,True,True,
occupation_type_employee_781040,Operador Maquinas Herramienta Automatica Mando Numerico,781040,True,True,True,
occupation_type_employee_781041,Operador De Esmeriladora,781041,True,True,True,
occupation_type_employee_781042,Operador De Escopleadora,781042,True,True,True,
occupation_type_employee_781043,Operador De Maquinas Herramientas En General,781043,True,True,True,
occupation_type_employee_781044,Operador De Maquina De Funcion Multiple,781044,True,True,True,
occupation_type_employee_781045,Operador De Maquina De Transferencia Automatica,781045,True,True,True,
occupation_type_employee_781046,Operador De Maquina De Tallar Engranajes,781046,True,True,True,
occupation_type_employee_781047,Operador De Maquina Lapiadora De Metales,781047,True,True,True,
occupation_type_employee_781048,Operador De Sierra Mecanica De Metales,781048,True,True,True,
occupation_type_employee_781049,Operador De Taladradora De Metal,781049,True,True,True,
occupation_type_employee_781050,Operador De Maquinas Para Fabricar Tornillos,781050,True,True,True,
occupation_type_employee_781051,Obreros De La Manufactura A Mano De Pzas Metal,781051,True,True,True,
occupation_type_employee_781052,"Obreros Fcion Muelles, Clavos, Tornillos, Cables",781052,True,True,True,
occupation_type_employee_781053,Operador De Cizalla Mecanica,781053,True,True,True,
occupation_type_employee_781054,Operador De Maquina De Curvar Metales,781054,True,True,True,
occupation_type_employee_781055,"Operador De Prensa Mecanica,De Metales",781055,True,True,True,
occupation_type_employee_781056,Operador De Tijera Mecanica,781056,True,True,True,
occupation_type_employee_781057,Operador De Torno De Embutir,781057,True,True,True,
occupation_type_employee_781058,"Pulidor De Metales, A Maquina",781058,True,True,True,
occupation_type_employee_781059,"Pulidor De Metales, A Mano",781059,True,True,True,
occupation_type_employee_781060,Rectificador De Metales,781060,True,True,True,
occupation_type_employee_781061,"Rectificador De Cilindros,Trabajo De Metales",781061,True,True,True,
occupation_type_employee_781062,"Reguladores De Maquina Herramientas, En General",781062,True,True,True,
occupation_type_employee_781063,Regul-Operad Revolveres Para El Trabajo De Metales,781063,True,True,True,
occupation_type_employee_781064,Regulador-Operador De Torno Automatico De Metal,781064,True,True,True,
occupation_type_employee_781065,Taladrista,781065,True,True,True,
occupation_type_employee_781066,Trazador En Metales,781066,True,True,True,
occupation_type_employee_781067,"Tornero,Labra De Metales",781067,True,True,True,
occupation_type_employee_781068,Tornero De Embutir,781068,True,True,True,
occupation_type_employee_781069,Carpintero Mecanico,781069,True,True,True,
occupation_type_employee_782002,"Mecanico Automoviles, Camiones, Motocicletas, Autobus, Trac",782002,True,True,True,
occupation_type_employee_782003,Mecanico De Direccion Y Frenos De Automoviles,782003,True,True,True,
occupation_type_employee_782004,"Mecanico De Motores De Avion,En General",782004,True,True,True,
occupation_type_employee_782005,"Mecanico De Motores De Barcos,En General",782005,True,True,True,
occupation_type_employee_782006,Mecanico Naval,782006,True,True,True,
occupation_type_employee_782007,Mecanico De Sala De Maquinas De Barcos,782007,True,True,True,
occupation_type_employee_782008,"Mecanico De Maquinas En General: Agricultura, Oficina, Text",782008,True,True,True,
occupation_type_employee_782009,"Mecanico Motores Diesel,Excepto Motor Automoviles Y Camione",782009,True,True,True,
occupation_type_employee_782010,"Mecanico De Turbinas,Excepto Turbinas De Avion",782010,True,True,True,
occupation_type_employee_782011,"Mecanico Engrasador,Excepto Barcos",782011,True,True,True,
occupation_type_employee_782012,Mecanico Reparador De Bicicletas,782012,True,True,True,
occupation_type_employee_782013,Montador De Manufacturas Metalicas,782013,True,True,True,
occupation_type_employee_782014,"Probador De Automoviles,Reparaciones",782014,True,True,True,
occupation_type_employee_782015,Reparador De Bicicletas,782015,True,True,True,
occupation_type_employee_782016,Revisor Y Probador De Maquinaria,782016,True,True,True,
occupation_type_employee_782017,Samuelles-Muellero,782017,True,True,True,
occupation_type_employee_783001,Ajustador Electricista En General,783001,True,True,True,
occupation_type_employee_783002,Ajustadores Electricistas De Motores Y Dinamos,783002,True,True,True,
occupation_type_employee_783003,Ajustadores Electricistas De Transformadores,783003,True,True,True,
occupation_type_employee_783004,Ajustadores Electricistas Equipos Centrales Electricos,783004,True,True,True,
occupation_type_employee_783005,Ajustadores Electricistas Ascensores Y Similares,783005,True,True,True,
occupation_type_employee_783006,Ajustador Electronicista,783006,True,True,True,
occupation_type_employee_783007,Bobinador Electricista,783007,True,True,True,
occupation_type_employee_783008,Controlador Calidad Aparat. Electric. Y Electronicos,783008,True,True,True,
occupation_type_employee_783009,"Debanador, Electricista",783009,True,True,True,
occupation_type_employee_783010,Electricista Bobinador,783010,True,True,True,
occupation_type_employee_783011,"Electricista-Montador,Aire Acondicionado",783011,True,True,True,
occupation_type_employee_783012,"Electricistas Gral., Construc. Instal. Elec., Cine",783012,True,True,True,
occupation_type_employee_783013,Electricista De Barcos Y Aviones,783013,True,True,True,
occupation_type_employee_783014,Electricista De Vehiculos,783014,True,True,True,
occupation_type_employee_783015,Empalmador De Cables Electricos,783015,True,True,True,
occupation_type_employee_783016,"Inspector Control Calidad, Equipo. Electric. Y Electronicos",783016,True,True,True,
occupation_type_employee_783017,Inspector Calidad Aparat. Electric. Y Electronicos,783017,True,True,True,
occupation_type_employee_783018,Inspector De Distintivo De Calidad,783018,True,True,True,
occupation_type_employee_783019,"Instalador Electricista,Ascensores Y Equipo Similar",783019,True,True,True,
occupation_type_employee_783020,Instalador De Antenas De Radio Y Television,783020,True,True,True,
occupation_type_employee_783021,Instalador De Telefonos Y Telegrafos,783021,True,True,True,
occupation_type_employee_783022,Instalador Cables Para La Electrificacion Ferrocarriles,783022,True,True,True,
occupation_type_employee_783023,"Instalador Lineas Energia Electrica, Tendido Aereo",783023,True,True,True,
occupation_type_employee_783024,Instalador De Cables De Energia Electrica,783024,True,True,True,
occupation_type_employee_783025,Instalador De Lineas Electricas Para Traccion,783025,True,True,True,
occupation_type_employee_783026,Instalador De Cables,783026,True,True,True,
occupation_type_employee_783027,Instalador Cables Para Traccion Vehiculos Elect.,783027,True,True,True,
occupation_type_employee_783029,Instalador De Cables De Telefonos Y Telegrafos,783029,True,True,True,
occupation_type_employee_783030,Instalador De Lineas Subterraneos,783030,True,True,True,
occupation_type_employee_783031,Instalador Lineas Electricas Y Telecomunicaciones,783031,True,True,True,
occupation_type_employee_783032,Instalador De Lineas De Telecomunicaciones,783032,True,True,True,
occupation_type_employee_783033,Mecanico-Reparador De Receptores Radio Y Tv,783033,True,True,True,
occupation_type_employee_783034,Mecanico De Telefono Y Telegrafos,783034,True,True,True,
occupation_type_employee_783035,Mecanico Reparador De Telefonos Y Telegrafos,783035,True,True,True,
occupation_type_employee_783036,Montador De Instalaciones Telefonicas Y Telegrafo,783036,True,True,True,
occupation_type_employee_783037,"Montador Electricista, Ajustador En General",783037,True,True,True,
occupation_type_employee_783038,"Montador, Ascensores Y Equipo Similar",783038,True,True,True,
occupation_type_employee_783039,Montador O Ensamblador Aparatos Elect. Y Electro.,783039,True,True,True,
occupation_type_employee_783040,Montador De Radios,783040,True,True,True,
occupation_type_employee_783041,Montador De Tubos Electronicos,783041,True,True,True,
occupation_type_employee_783042,Montador Cables De Transporte De Energia Electrica,783042,True,True,True,
occupation_type_employee_783043,Montador De Cables Subterraneas,783043,True,True,True,
occupation_type_employee_783044,Montador Lineas Aereas Para Transporte De Corriente,783044,True,True,True,
occupation_type_employee_783045,Montador De Lineas Catenarias,783045,True,True,True,
occupation_type_employee_783046,Montador De Lineas Telefonicas Y Telegraficas,783046,True,True,True,
occupation_type_employee_783047,Montador De Lineas Subterraneos,783047,True,True,True,
occupation_type_employee_783048,Reparador De Receptores De Radio Y Tv,783048,True,True,True,
occupation_type_employee_783049,Radio Tecnico Reparaciones De Radio Y Tv,783049,True,True,True,
occupation_type_employee_783050,Reparador De Aparatos Electrodomesticos,783050,True,True,True,
occupation_type_employee_783051,Reparador Electricista De Aparatos Electrodomesticos,783051,True,True,True,
occupation_type_employee_783052,Reparador Instalaciones De Telefonicos Y Telegrafos,783052,True,True,True,
occupation_type_employee_784001,"Controlador De Sonido,Estudios De Radio Y Tv",784001,True,True,True,
occupation_type_employee_784002,Operador De Aparatos De Estudios De Radio Y Tv,784002,True,True,True,
occupation_type_employee_784003,Operador De Equipo De Transmision De Radio Y Tv,784003,True,True,True,
occupation_type_employee_784004,Operador Equipo Estudios Radiodifusion O Tv,784004,True,True,True,
occupation_type_employee_784005,Operador Estacion Emisora De Radio Y Tv,784005,True,True,True,
occupation_type_employee_784006,"Operador De Estacion Emisora Radio Y Tv,De Equipo",784006,True,True,True,
occupation_type_employee_784007,Operador De Imagen De Television,784007,True,True,True,
occupation_type_employee_784008,Operador De Radio Y Television,784008,True,True,True,
occupation_type_employee_784009,Operador De Video,784009,True,True,True,
occupation_type_employee_784010,"Operador De Aparato De Proyeccion,Cine",784010,True,True,True,
occupation_type_employee_784011,"Operador De Cabina, Cinematografica, Salas Cine",784011,True,True,True,
occupation_type_employee_784012,Operador De Equipo De Grabacion O Reg. De Sonido,784012,True,True,True,
occupation_type_employee_784013,Operador Equipo De Amplificacion De Sonido,784013,True,True,True,
occupation_type_employee_784014,Operador De Video O Betamax,784014,True,True,True,
occupation_type_employee_785001,"Ajustador De Tuberias En General, De Gas, En Aviones",785001,True,True,True,
occupation_type_employee_785002,Armador De Cajas De Acero En Taller,785002,True,True,True,
occupation_type_employee_785003,Armador De Estructuras De Acero,785003,True,True,True,
occupation_type_employee_785004,"Armador Hierro Y Acero, Blindaje, Construc Navales",785004,True,True,True,
occupation_type_employee_785005,Armador De Barcos,785005,True,True,True,
occupation_type_employee_785008,"Calderero, Cobre Y Aleaciones Ligeras Chapas Acero",785008,True,True,True,
occupation_type_employee_785009,Calentador Al Rojo De Remaches,785009,True,True,True,
occupation_type_employee_785010,"Carrocero, Automoviles, Aviones Y Otros",785010,True,True,True,
occupation_type_employee_785011,Corrocero De Automoviles,785011,True,True,True,
occupation_type_employee_785012,Conductor De Maquina De Soldar Por Arco Electrico,785012,True,True,True,
occupation_type_employee_785013,Cortador De Metales Con Soplete,785013,True,True,True,
occupation_type_employee_785014,"Chapista En Gral., Caldero, Hojalatero, Decoracion",785014,True,True,True,
occupation_type_employee_785015,"Fontanero,En General",785015,True,True,True,
occupation_type_employee_785016,Gasfitero,785016,True,True,True,
occupation_type_employee_785017,Hojalatero O Chapista,785017,True,True,True,
occupation_type_employee_785018,"Instalador Tuberias,En Gral,Gas,Barcos,Aviones",785018,True,True,True,
occupation_type_employee_785019,Montador De Calderas,785019,True,True,True,
occupation_type_employee_785020,"Montador Construcc. Metalicas, Excepto Buques",785020,True,True,True,
occupation_type_employee_785021,"Montador Estructuras De Acero,Excepto Buques",785021,True,True,True,
occupation_type_employee_785022,"Montador De Planchas,Astilleros",785022,True,True,True,
occupation_type_employee_785023,Operador De Gasometro,785023,True,True,True,
occupation_type_employee_785024,"Oxicortador En General, A Mano O A Maquina",785024,True,True,True,
occupation_type_employee_785027,Planchador De Carrocerias De Vehiculos,785027,True,True,True,
occupation_type_employee_785028,Plomero,785028,True,True,True,
occupation_type_employee_785029,Preparador De Estructuras De Acero En Taller,785029,True,True,True,
occupation_type_employee_785030,"Reblonador Planchas Metal, A Mano O Maq., Plancha",785030,True,True,True,
occupation_type_employee_785031,"Remachador, Mano O Maq. Planchas Met., Martillo Neu.",785031,True,True,True,
occupation_type_employee_785032,"Replanteador De Estructuras, Metalicas",785032,True,True,True,
occupation_type_employee_785033,Soldador-Plomero,785033,True,True,True,
occupation_type_employee_785034,"Soldador Con Soplete Y Por Arco Electrico,Gral",785034,True,True,True,
occupation_type_employee_785035,"Sopletista De Corte, A Mano",785035,True,True,True,
occupation_type_employee_785036,Sopletista Soldador,785036,True,True,True,
occupation_type_employee_785037,Soldador N.E.O.P.,785037,True,True,True,
occupation_type_employee_785038,Soldador De Cautin (Cautil),785038,True,True,True,
occupation_type_employee_785039,Trazador De Caldereria Y Chapas,785039,True,True,True,
occupation_type_employee_785040,Trazador De Planchas Y Chapas Metalicas,785040,True,True,True,
occupation_type_employee_785041,Trazador De Estructuras Metalicas,785041,True,True,True,
occupation_type_employee_785042,"Trazador De Galibos, Astilleros",785042,True,True,True,
occupation_type_employee_785043,"Tubero En General, Distribucion Gas, Aire A Presion, Vapor",785043,True,True,True,
occupation_type_employee_791001,"Arreglo De Maquina De Escribir, Calculadoras, Etc.",791001,True,True,True,
occupation_type_employee_791002,"Ajustador, Montador De Motores A Gasolina",791002,True,True,True,
occupation_type_employee_791003,"Ajustador, Montador De Motores Diesel",791003,True,True,True,
occupation_type_employee_791004,"Ajustador, Montador De Motores De Combust.Int.(Ex.Mot.Avion",791004,True,True,True,
occupation_type_employee_791005,Ajustador-Montador De Motores Marinos,791005,True,True,True,
occupation_type_employee_791006,"Ajustador-Montador De Motores Avion,Reaccion",791006,True,True,True,
occupation_type_employee_791007,Ajustador-Montador Excepto Motores Combus. Interna,791007,True,True,True,
occupation_type_employee_791008,Constructor De Brujulas,791008,True,True,True,
occupation_type_employee_791009,Constructor De Balanzas,791009,True,True,True,
occupation_type_employee_791010,"Constructor De Barometros, Termometros",791010,True,True,True,
occupation_type_employee_791011,"Instrumentista, Instrumentos De Precision",791011,True,True,True,
occupation_type_employee_791012,"Mecanico-Montador Maquina, Equipo Industrial, Aire Acondici",791012,True,True,True,
occupation_type_employee_791013,"Mecanico, Ajustador De Maquinaria En General",791013,True,True,True,
occupation_type_employee_791014,Mecanico De Balanzas,791014,True,True,True,
occupation_type_employee_791015,Mecanico De Camaras Fotograficas,791015,True,True,True,
occupation_type_employee_791016,Mecanico De Instrumentos De Optica,791016,True,True,True,
occupation_type_employee_791017,Mecanico De Instrumentos De Laboratorio,791017,True,True,True,
occupation_type_employee_791018,Mecanico De Instrumentos De Odontologia,791018,True,True,True,
occupation_type_employee_791019,Mecanico De Instrumento Quirurgicos,791019,True,True,True,
occupation_type_employee_791020,Mecanico De Protesis Ortopedicas,791020,True,True,True,
occupation_type_employee_791021,Mecanico De Protesis Dentales,791021,True,True,True,
occupation_type_employee_791022,Mecanico Dentista,791022,True,True,True,
occupation_type_employee_791023,Mecanico Ortopedista,791023,True,True,True,
occupation_type_employee_791024,Mecanicos De Instrumentos De Precision,791024,True,True,True,
occupation_type_employee_791025,Montador De Aparatos Fotograficos,791025,True,True,True,
occupation_type_employee_791026,Montador De Instrumentos De Precision,791026,True,True,True,
occupation_type_employee_791027,Relojero,791027,True,True,True,
occupation_type_employee_791028,Reparador De Relojes,791028,True,True,True,
occupation_type_employee_792001,"Batihoja,Joyero O Platero",792001,True,True,True,
occupation_type_employee_792002,Cincelador-Orfebre,792002,True,True,True,
occupation_type_employee_792003,Diamantista-Pulidor Y Tallador De Piedras Preciosas,792003,True,True,True,
occupation_type_employee_792004,Engastador,792004,True,True,True,
occupation_type_employee_792005,Esmaltador De Metales Preciosos,792005,True,True,True,
occupation_type_employee_792006,"Filigranista,Joyero O Platero",792006,True,True,True,
occupation_type_employee_792007,Grabador De Metales Preciosos,792007,True,True,True,
occupation_type_employee_792008,Grabador De Plateria Y Joyeria,792008,True,True,True,
occupation_type_employee_792009,Laminador De Metales Preciosos,792009,True,True,True,
occupation_type_employee_792010,"Lapidario, Tallador Y Pulidor De Piedras Preciosas",792010,True,True,True,
occupation_type_employee_792011,Martillador De Metales Preciosos,792011,True,True,True,
occupation_type_employee_792012,Montador De Piedras Preciosas,792012,True,True,True,
occupation_type_employee_792013,"Montador, Orfebreria",792013,True,True,True,
occupation_type_employee_792014,"Orfebre, Joyero O Platero",792014,True,True,True,
occupation_type_employee_792015,"Orfebreria, Cincelador (Joyero O Platero)",792015,True,True,True,
occupation_type_employee_792016,"Plateria, Grabador",792016,True,True,True,
occupation_type_employee_792017,Platero Y Orfebre,792017,True,True,True,
occupation_type_employee_792018,Recalcador De Metales Preciosos,792018,True,True,True,
occupation_type_employee_792019,"Reparador, De Joyas",792019,True,True,True,
occupation_type_employee_792020,"Repujador, Otro Joyero O Platero",792020,True,True,True,
occupation_type_employee_792021,Tallador Y Pulidor De Piedras Preciosas,792021,True,True,True,
occupation_type_employee_792022,Tornero-Repujador Orfebreria,792022,True,True,True,
occupation_type_employee_792023,Trefilador De Metales Preciosos,792023,True,True,True,
occupation_type_employee_793001,"Acabador De Bordes,Cristal",793001,True,True,True,
occupation_type_employee_793002,Afinador A Maquina De Cristales De Optica,793002,True,True,True,
occupation_type_employee_793003,"Afinador De Vidrio,Optica De Anteojeria",793003,True,True,True,
occupation_type_employee_793004,Biselador De Cristales,793004,True,True,True,
occupation_type_employee_793005,Conductor De Maquina De Estirar Vidrio Plano,793005,True,True,True,
occupation_type_employee_793006,"Cortador, Tallador De Cristales De Optica",793006,True,True,True,
occupation_type_employee_793007,Cortador De Vidrio,793007,True,True,True,
occupation_type_employee_793008,Curvador De Tubos De Vidrio,793008,True,True,True,
occupation_type_employee_793009,"Desbastador, Optica En Anteojeria",793009,True,True,True,
occupation_type_employee_793010,"Esmerilador De Bordes,Vidrio",793010,True,True,True,
occupation_type_employee_793011,Esmerilador De Lentes A Maquina,793011,True,True,True,
occupation_type_employee_793012,Laminador De Lunas De Vidrio,793012,True,True,True,
occupation_type_employee_793013,Modelador De Lentes,793013,True,True,True,
occupation_type_employee_793014,Operador De Bano Metalico Por Flotacion Vidrio,793014,True,True,True,
occupation_type_employee_793015,Operador De Maquina De Moldear O Soplar Vidrio,793015,True,True,True,
occupation_type_employee_793016,"Operador Maquina Estirar Vidrio Plano,Varillas O Tubo",793016,True,True,True,
occupation_type_employee_793017,Operador En Prensa De Moldear Vidrio,793017,True,True,True,
occupation_type_employee_793018,Operador Vertido Vidrio Fundido/Vertidor Vidrio Fundido,793018,True,True,True,
occupation_type_employee_793019,Pulidor A Maquina De Cristales De Optica,793019,True,True,True,
occupation_type_employee_793020,Pulidor De Cristales,793020,True,True,True,
occupation_type_employee_793021,Pulidor De Lentes,793021,True,True,True,
occupation_type_employee_793022,"Soplador Vidrio,Material Laboratorio A Maquina",793022,True,True,True,
occupation_type_employee_793023,Tallador De Cristales De Optica,793023,True,True,True,
occupation_type_employee_794001,"Alfarero,En Gral,Excepto Ladrillos,Adobes,Tejas",794001,True,True,True,
occupation_type_employee_794002,"Amasador De Caolin,Porcelana",794002,True,True,True,
occupation_type_employee_794003,"Ceramista Moldes, A Mano Excepto Ladrillos, Adobes, Tejas",794003,True,True,True,
occupation_type_employee_794004,"Cribador De Tierra, Ceramica",794004,True,True,True,
occupation_type_employee_794005,"Ceramista En Gral,Excepto Adobes,Ladrillos,Tejas",794005,True,True,True,
occupation_type_employee_794006,Cincelador De Piezas De Ceramica,794006,True,True,True,
occupation_type_employee_794007,"Colador De Ceramica,Excepto De Adobe Y Ladrillo",794007,True,True,True,
occupation_type_employee_794008,"Extrusor De Arcilla,Ceramica",794008,True,True,True,
occupation_type_employee_794009,"Machero-Moldeador,Ceramica",794009,True,True,True,
occupation_type_employee_794010,Mezclador De Pasta De Abrasivos,794010,True,True,True,
occupation_type_employee_794011,"Modelador Al Torno Con Terraja,Ceramica",794011,True,True,True,
occupation_type_employee_794012,Modelista De Ceramica,794012,True,True,True,
occupation_type_employee_794013,Moldeador De Muelas Abrasivas,794013,True,True,True,
occupation_type_employee_794014,Moldeador Machero De Ceramica,794014,True,True,True,
occupation_type_employee_794015,"Molinero,Tierra De Loza",794015,True,True,True,
occupation_type_employee_794016,Operador De Filtro Prensa Para Arcilla(Ceramica),794016,True,True,True,
occupation_type_employee_794017,Operador De Prensa De Ceramica,794017,True,True,True,
occupation_type_employee_794018,"Operador De Prensa Galletera, Ceramica",794018,True,True,True,
occupation_type_employee_794019,"Prensador De Ceramica, Con Troquel",794019,True,True,True,
occupation_type_employee_794020,Preparador De Barbotin,794020,True,True,True,
occupation_type_employee_794021,"Preparador De Moldes, Ceramica, Loza Y Porcelana",794021,True,True,True,
occupation_type_employee_794022,"Preparador Ceramica En Moldes, Pasta De Arcilla",794022,True,True,True,
occupation_type_employee_794023,Taladrador De Piezas De Ceramica,794023,True,True,True,
occupation_type_employee_794024,"Tamizador De Tierras, Ceramica",794024,True,True,True,
occupation_type_employee_794025,Tornero-Alfarero En Torno De Pedal,794025,True,True,True,
occupation_type_employee_794026,"Tornero En Torno De Pedal, Loza Y Porcelana",794026,True,True,True,
occupation_type_employee_794027,Vaciador De Ceramica En Moldes,794027,True,True,True,
occupation_type_employee_795001,Adobero,795001,True,True,True,
occupation_type_employee_795002,Colador De Ladrillos Y Tejas,795002,True,True,True,
occupation_type_employee_795003,Moldeador De Ladrillos Y Baldosas,795003,True,True,True,
occupation_type_employee_795004,Operador De Maquina De Cortar Ladrillos Y Tejas,795004,True,True,True,
occupation_type_employee_795005,Operador Prensa Alta Presion Para Ladrillos Especiales,795005,True,True,True,
occupation_type_employee_795006,Preparador De Adobes,795006,True,True,True,
occupation_type_employee_795007,Prensador De Adobes Con Troquel,795007,True,True,True,
occupation_type_employee_795008,Tejero Y Adobero A Mano,795008,True,True,True,
occupation_type_employee_796001,"Ayudante De Horno De Ceramica,Encendido",796001,True,True,True,
occupation_type_employee_796002,"Cargador-Descargador De Horno,De Ceramica",796002,True,True,True,
occupation_type_employee_796003,Fundidor Vidriero,796003,True,True,True,
occupation_type_employee_796004,"Hornero,Briquetas",796004,True,True,True,
occupation_type_employee_796005,"Hornero,Ceramica",796005,True,True,True,
occupation_type_employee_796006,"Hornero,Fabricacion De Vidrio",796006,True,True,True,
occupation_type_employee_796007,"Hornero,Loza Y Porcelana",796007,True,True,True,
occupation_type_employee_796008,"Hornero,Material Refractario Excepto Tejas Y Ladrillos",796008,True,True,True,
occupation_type_employee_796009,"Hornero,Porcelana",796009,True,True,True,
occupation_type_employee_796010,"Hornero,Recocido Del Vidrio",796010,True,True,True,
occupation_type_employee_796011,"Hornero,Tejas Y Ladrillos",796011,True,True,True,
occupation_type_employee_796012,"Hornero,Templado Del Vidrio",796012,True,True,True,
occupation_type_employee_796013,Moldeador De Crisoles,796013,True,True,True,
occupation_type_employee_796014,Operador De Secador De Briquetas,796014,True,True,True,
occupation_type_employee_796015,"Preparador De Caja De Secado,Horno De Ceramica",796015,True,True,True,
occupation_type_employee_796016,Templador De Vidrio,796016,True,True,True,
occupation_type_employee_797001,"Esmerilador Con Chorros De Arena,Vidrio",797001,True,True,True,
occupation_type_employee_797002,Esmerilador Vidrio O Cristal Con Chorro De Arena,797002,True,True,True,
occupation_type_employee_797003,"Grabador De Agua Fuerte,Cristal",797003,True,True,True,
occupation_type_employee_797004,Grabador De Ceramica Vidriada,797004,True,True,True,
occupation_type_employee_797005,Grabador De Cristal En General,797005,True,True,True,
occupation_type_employee_797006,Grabador De Vidrio En General,797006,True,True,True,
occupation_type_employee_797007,Pulidor De Vidrio O Cristal En Baðo De Acido,797007,True,True,True,
occupation_type_employee_797008,"Tallador De Cristales-Vidrios,Talla Decorativa",797008,True,True,True,
occupation_type_employee_797009,Tallador De Vidrio O Cristal,797009,True,True,True,
occupation_type_employee_798001,Azogador,798001,True,True,True,
occupation_type_employee_798002,Decorador De Ceramica,798002,True,True,True,
occupation_type_employee_798003,Decorador De Vidrio,798003,True,True,True,
occupation_type_employee_798004,Esmaltador De Vidrio,798004,True,True,True,
occupation_type_employee_798005,Esmaltador De Ceramica,798005,True,True,True,
occupation_type_employee_798006,"Filetero, Decorado De Ceramica",798006,True,True,True,
occupation_type_employee_798007,Iluminador De Loza Y Porcelana,798007,True,True,True,
occupation_type_employee_798008,"Pintor A Pistola,De Loza Y Porcelana",798008,True,True,True,
occupation_type_employee_798009,Pulidor De Ceramica Dorada,798009,True,True,True,
occupation_type_employee_798010,"Retocador, Decorado De Ceramica",798010,True,True,True,
occupation_type_employee_798011,"Trazador, Decorado De Ceramica",798011,True,True,True,
occupation_type_employee_798012,Vidriador De Ceramica,798012,True,True,True,
occupation_type_employee_799001,Extrusor De Hilos De Fibra De Vidrio,799001,True,True,True,
occupation_type_employee_799002,Hilador De Vidrio,799002,True,True,True,
occupation_type_employee_799003,"Mezclador De Materiales,Fabricacion De Vidrio",799003,True,True,True,
occupation_type_employee_799004,Operador De Maquina Para Fabricar Fibra Vidrio,799004,True,True,True,
occupation_type_employee_799005,Operador De Maquina Para Fabricar Lana De Vidrio,799005,True,True,True,
occupation_type_employee_799006,Preparador De Fibra De Vidrio,799006,True,True,True,
occupation_type_employee_811001,Abarquero,811001,True,True,True,
occupation_type_employee_811002,Alisador De Productos De Caucho,811002,True,True,True,
occupation_type_employee_811003,Amasador De Caucho,811003,True,True,True,
occupation_type_employee_811004,Armador De Productos De Caucho,811004,True,True,True,
occupation_type_employee_811005,Calandrador De Caucho,811005,True,True,True,
occupation_type_employee_811006,Capataz O Contramaestre De La Fab. De Productos De Caucho,811006,True,True,True,
occupation_type_employee_811007,Conductor De Maquina De Estirado De Caucho,811007,True,True,True,
occupation_type_employee_811008,Confeccionador-Montador De Articulos De Caucho,811008,True,True,True,
occupation_type_employee_811009,Cortador De Caucho,811009,True,True,True,
occupation_type_employee_811010,Engomador De Tejidos De Caucho,811010,True,True,True,
occupation_type_employee_811011,Ensamblador De Productos De Caucho,811011,True,True,True,
occupation_type_employee_811012,Extrusor De Caucho,811012,True,True,True,
occupation_type_employee_811013,Impregnador De Caucho,811013,True,True,True,
occupation_type_employee_811014,Lustrador De Caucho,811014,True,True,True,
occupation_type_employee_811015,Mezclador De Caucho,811015,True,True,True,
occupation_type_employee_811016,Montador De Productos De Caucho,811016,True,True,True,
occupation_type_employee_811019,Operador De Calandria De Caucho,811019,True,True,True,
occupation_type_employee_811020,Operador De Maquina Amasadora De Caucho,811020,True,True,True,
occupation_type_employee_811021,Operador De Maquina Calandradora De Caucho,811021,True,True,True,
occupation_type_employee_811022,Operador De Maquina Estiradora De Caucho,811022,True,True,True,
occupation_type_employee_811023,Operador De Prensa De Moldear Caucho,811023,True,True,True,
occupation_type_employee_811024,"Vulcanizador Artic. Caucho, Excepto Neumaticos",811024,True,True,True,
occupation_type_employee_812001,Armador De Productos De Plastico,812001,True,True,True,
occupation_type_employee_812002,Confeccionador De Productos De Plastico,812002,True,True,True,
occupation_type_employee_812003,Ensamblador De Productos De Plastico,812003,True,True,True,
occupation_type_employee_812004,Extrusor De Plastico,812004,True,True,True,
occupation_type_employee_812005,Moldeador De Plastico Por Inyeccion,812005,True,True,True,
occupation_type_employee_812006,Moldeador De Plastico Por Compresion,812006,True,True,True,
occupation_type_employee_812007,Montador De Productos De Plastico,812007,True,True,True,
occupation_type_employee_812008,Operad Maq. De Moldear Materias Plasticas Por Inyeccion,812008,True,True,True,
occupation_type_employee_812009,Operar Maq. De Moldear Materias Plasticas Por Compresion,812009,True,True,True,
occupation_type_employee_812010,Operador De Maquina De Fabricar Bolsas Plastico,812010,True,True,True,
occupation_type_employee_812011,Operador Maquina Estiradora De Plastico,812011,True,True,True,
occupation_type_employee_812012,Operador De Maquina De Sellar Plasticos,812012,True,True,True,
occupation_type_employee_812013,Preparador De Paneles De Plastico,812013,True,True,True,
occupation_type_employee_812014,Pulidor De Productos De Plastico,812014,True,True,True,
occupation_type_employee_812015,Recortador A Maquina De Prod. De Plastico,812015,True,True,True,
occupation_type_employee_812016,Taladradora De Productos De Plastico,812016,True,True,True,
occupation_type_employee_813002,"Confeccionador De Neumaticos,Primera Fase",813002,True,True,True,
occupation_type_employee_813003,Cortador De Acanaladuras En Neumaticos,813003,True,True,True,
occupation_type_employee_813004,Cortador De Estuas En Neumaticos,813004,True,True,True,
occupation_type_employee_813005,"Fabricante De Neumaticos,Primera Fase",813005,True,True,True,
occupation_type_employee_813006,Moldeador De Neumaticos,813006,True,True,True,
occupation_type_employee_813007,Moldeador Y Vulcanizador De Neumaticos,813007,True,True,True,
occupation_type_employee_813008,Rencauchador De Neumaticos,813008,True,True,True,
occupation_type_employee_813009,Vulcanizador Y Moldeador De Neumaticos,813009,True,True,True,
occupation_type_employee_821001,Armador De Cajas De Carton A Maquina,821001,True,True,True,
occupation_type_employee_821002,Capataz O Contamestre De La Confeccion De Productos De Pape,821002,True,True,True,
occupation_type_employee_821003,Cartonero A Maquina,821003,True,True,True,
occupation_type_employee_821004,Conductor De Maquinas De Fabricar Tubos Papel,821004,True,True,True,
occupation_type_employee_821005,Conductor De Prensa De Embutir El Carton,821005,True,True,True,
occupation_type_employee_821006,Confeccionador De Cajas De Carton,821006,True,True,True,
occupation_type_employee_821007,Confeccionador A Maq. De Bolsas Y Sobres De Papel,821007,True,True,True,
occupation_type_employee_821008,Confeccionador De Bolsas De Celofan,821008,True,True,True,
occupation_type_employee_821009,Confeccionador De Sobres A Mano,821009,True,True,True,
occupation_type_employee_821010,Confecc. Artic. Adornos Y Fantasia En Papel,821010,True,True,True,
occupation_type_employee_821011,Confeccionador De Maletas De Carton,821011,True,True,True,
occupation_type_employee_821012,Confeccionador De Papel,821012,True,True,True,
occupation_type_employee_821013,Emsamblador De Naipes,821013,True,True,True,
occupation_type_employee_821014,Montador De Cajas De Carton A Mano O A Maquina,821014,True,True,True,
occupation_type_employee_821015,Operador De Maquina De Forrar Carton,821015,True,True,True,
occupation_type_employee_821016,Operador De Maquina Pegadora De Papel En Carton,821016,True,True,True,
occupation_type_employee_821017,Operador De Maquina De Cortar Y Pegar Carton,821017,True,True,True,
occupation_type_employee_821018,Operador De Maquina Prensadora De Carton,821018,True,True,True,
occupation_type_employee_821019,Operad Maq. Pegadora Y Cerradora Bolsas Y Sobres,821019,True,True,True,
occupation_type_employee_821020,Operador Maq. Confeccionar Bolsas Y Sobres Papel,821020,True,True,True,
occupation_type_employee_821021,Operador De Prensa De Embutir Carton,821021,True,True,True,
occupation_type_employee_831001,"Armador De Paginas, Imposicion",831001,True,True,True,
occupation_type_employee_831002,"Cajista, Imprenta",831002,True,True,True,
occupation_type_employee_831003,Compaginador De Foto-Composicion,831003,True,True,True,
occupation_type_employee_831004,"Compositor,Imposicion",831004,True,True,True,
occupation_type_employee_831005,Fundidor De Monotipia Y Tipos Sueltos,831005,True,True,True,
occupation_type_employee_831006,Imponedor,831006,True,True,True,
occupation_type_employee_831007,Impresor De Pruebas,831007,True,True,True,
occupation_type_employee_831008,Impresor En General,831008,True,True,True,
occupation_type_employee_831009,Linotipista,831009,True,True,True,
occupation_type_employee_831010,Maquinista De Foto-Composicion,831010,True,True,True,
occupation_type_employee_831011,Minervista,831011,True,True,True,
occupation_type_employee_831012,Monotipista,831012,True,True,True,
occupation_type_employee_831013,Operador De Maquina Fundidora De Tipos,831013,True,True,True,
occupation_type_employee_831014,"Operador De Maquina De Fototipia, Imprenta",831014,True,True,True,
occupation_type_employee_831015,Operador De Monotipia De Fundir,831015,True,True,True,
occupation_type_employee_831016,Operador De Teclado De Monotipia,831016,True,True,True,
occupation_type_employee_831017,"Platinero, Compaginacion",831017,True,True,True,
occupation_type_employee_831018,"Preparador De Braille, Planchas De Imprenta",831018,True,True,True,
occupation_type_employee_831019,Preparador De Planchas De Imprenta Braille,831019,True,True,True,
occupation_type_employee_831020,Teclista Monotipista,831020,True,True,True,
occupation_type_employee_831021,Tipografo En General,831021,True,True,True,
occupation_type_employee_831022,Empleado O Ayudante De Imprenta En General,831022,True,True,True,
occupation_type_employee_832001,Conductor De Prensa De Heliograbado,832001,True,True,True,
occupation_type_employee_832002,Impresor De Papeles,832002,True,True,True,
occupation_type_employee_832003,"Maquinista De Rotativa A Colores,Imprenta",832003,True,True,True,
occupation_type_employee_832004,Maquinista De Offset,832004,True,True,True,
occupation_type_employee_832005,Maquinista Platinero,832005,True,True,True,
occupation_type_employee_832006,"Marcador, Introduc. Hojas En Maq. De Imprimir",832006,True,True,True,
occupation_type_employee_832007,"Operad Prensa Rotativa, Offset, Cilindro, Platina, Litograf",832007,True,True,True,
occupation_type_employee_832008,Otros Operadores De Prensa De Imprimir,832008,True,True,True,
occupation_type_employee_832009,Tipografo Operador De Prensas De Imprimir,832009,True,True,True,
occupation_type_employee_833001,Clisador-Electrotipista,833001,True,True,True,
occupation_type_employee_833002,"Electrotipista, Imprenta",833002,True,True,True,
occupation_type_employee_833003,"Estereotipador, Imprenta",833003,True,True,True,
occupation_type_employee_833004,"Estereotipista, Imprenta",833004,True,True,True,
occupation_type_employee_833005,Fundidor Estereotipista,833005,True,True,True,
occupation_type_employee_833006,Galvanoplastista O Clisador,833006,True,True,True,
occupation_type_employee_833007,"Matriceros, Imprenta",833007,True,True,True,
occupation_type_employee_833008,"Moldeador De Clises Por Galvanoplastia, Imprenta",833008,True,True,True,
occupation_type_employee_833009,"Reproductor De Clises, Reproduccion En Plastico",833009,True,True,True,
occupation_type_employee_834001,"Grabador A Mano Clises Madera, Caucho O Linoleo",834001,True,True,True,
occupation_type_employee_834002,Grabador Con Pantografo,834002,True,True,True,
occupation_type_employee_834003,Grabador De Imprenta,834003,True,True,True,
occupation_type_employee_834004,Grabador De Piedras Litograficas,834004,True,True,True,
occupation_type_employee_834005,"Grabador Planchas, Cilindros Y Matrices Metalico",834005,True,True,True,
occupation_type_employee_834006,"Grabador, Burilista, Litografista, Grabado Imprenta",834006,True,True,True,
occupation_type_employee_834007,"Pantografista, Imprenta",834007,True,True,True,
occupation_type_employee_834008,"Transportador, Litografia",834008,True,True,True,
occupation_type_employee_834009,Xilografo,834009,True,True,True,
occupation_type_employee_835001,"Clisador, Fotograbador",835001,True,True,True,
occupation_type_employee_835002,"Foto-Impresor Planchas Impresion, Fotograbado",835002,True,True,True,
occupation_type_employee_835003,Fotograbador En General,835003,True,True,True,
occupation_type_employee_835004,"Fotografo, Fotograb., Impresion O Reprod. En Offset",835004,True,True,True,
occupation_type_employee_835005,"Fotomecanico, Fotograbado En General",835005,True,True,True,
occupation_type_employee_835006,"Grabador, Fotograbado",835006,True,True,True,
occupation_type_employee_835007,Graneador De Planchas Para Clises,835007,True,True,True,
occupation_type_employee_835008,Huecograbadores,835008,True,True,True,
occupation_type_employee_835009,Insolador De Fotograbado,835009,True,True,True,
occupation_type_employee_835010,Montador De Clises Sobre Soporte,835010,True,True,True,
occupation_type_employee_835011,"Pasador, Imprenta",835011,True,True,True,
occupation_type_employee_835012,"Retocador De Negativos,Fotograbado",835012,True,True,True,
occupation_type_employee_835013,"Retocador De Planchas De Impresion,Fotograbado",835013,True,True,True,
occupation_type_employee_835014,Tirador De Pruebas De Clises Grabados,835014,True,True,True,
occupation_type_employee_835015,"Transportador,Fotograbado",835015,True,True,True,
occupation_type_employee_836001,"Cosedor De Pleigos A Maquina, Encuadernacion",836001,True,True,True,
occupation_type_employee_836002,"Dorador A Mano,Encuadernacion",836002,True,True,True,
occupation_type_employee_836003,"Encolador,Encuadernacion",836003,True,True,True,
occupation_type_employee_836004,Encuadernador,836004,True,True,True,
occupation_type_employee_836005,"Grabador A Mano O A Maquina,Encuadernacion",836005,True,True,True,
occupation_type_employee_836006,"Guillotinero, Encuadernacion",836006,True,True,True,
occupation_type_employee_836007,"Recortador, Encuadernacion",836007,True,True,True,
occupation_type_employee_836008,"Repujador O Grabador A Mano O A Maq,Encuadernacion",836008,True,True,True,
occupation_type_employee_837001,Ampliador De Fotografias,837001,True,True,True,
occupation_type_employee_837002,Conductor Maq De Revelar Y Secar Pelicula Cinematografica,837002,True,True,True,
occupation_type_employee_837003,Copiador De Fotografias,837003,True,True,True,
occupation_type_employee_837004,Fotografo-Ampliador,837004,True,True,True,
occupation_type_employee_837005,Fotografo-Revelador,837005,True,True,True,
occupation_type_employee_837006,Fotografo-Sacador De Copias,837006,True,True,True,
occupation_type_employee_837007,Reductor De Fotografias,837007,True,True,True,
occupation_type_employee_837008,Revelador De Peliculas Fotograficas,837008,True,True,True,
occupation_type_employee_837009,Revelador De Radiografias,837009,True,True,True,
occupation_type_employee_837010,Sacador De Copias De Fotografias,837010,True,True,True,
occupation_type_employee_837011,Secador De Peliculas Cinematograficas,837011,True,True,True,
occupation_type_employee_839001,Estampador Textiles Y Papeles Pintados Mediante Planchas,839001,True,True,True,
occupation_type_employee_839002,"Impresor A La Plancha,De Telas Y Papeles Pintados",839002,True,True,True,
occupation_type_employee_839003,Impresor De Telas A Maquina,839003,True,True,True,
occupation_type_employee_839004,"Impresor,Sericigrafia",839004,True,True,True,
occupation_type_employee_839005,Operador De Prensa Estampar En Relieve O Seco,839005,True,True,True,
occupation_type_employee_839006,"Picador De Estarcidores,Sericigrafia",839006,True,True,True,
occupation_type_employee_839007,"Preparador De Estarcidores,Sericigrafia",839007,True,True,True,
occupation_type_employee_839008,"Sericigrafo,Impresor",839008,True,True,True,
occupation_type_employee_841001,"Acordeonero,Constructor",841001,True,True,True,
occupation_type_employee_841002,"Afinador De Instrum. Musicales, Pianos, Organos, Acordeones",841002,True,True,True,
occupation_type_employee_841003,Const Instrum Viento De Madera O De Metal,841003,True,True,True,
occupation_type_employee_841004,"Fabricantes De Instrumentos Music., Arpas, Guitarra, Viento",841004,True,True,True,
occupation_type_employee_841005,"Guitarrero, Fabricante De Instrumentos De Cuerda",841005,True,True,True,
occupation_type_employee_841006,"Organero,Constructor Y Afinador",841006,True,True,True,
occupation_type_employee_841007,"Violenero,Constructor Y Afinador",841007,True,True,True,
occupation_type_employee_842001,Bruceros,842001,True,True,True,
occupation_type_employee_842002,Confeccionador A Mano De Cepillo,842002,True,True,True,
occupation_type_employee_842003,Confeccionador De Brochas,842003,True,True,True,
occupation_type_employee_842004,Confeccionador De Pinceles Finos,842004,True,True,True,
occupation_type_employee_842005,Confeccionador De Escobas A Mano,842005,True,True,True,
occupation_type_employee_842006,"Confeccionador De Esteras,Esterones",842006,True,True,True,
occupation_type_employee_842007,"Confeccionador De Muebles De Cana,Junco,Mimbre",842007,True,True,True,
occupation_type_employee_842008,"Confecc Alfombras Junco,Pita,Esparto,Fibra Coco",842008,True,True,True,
occupation_type_employee_842009,Confeccionador A Maquina De Brochas Y Cepillos,842009,True,True,True,
occupation_type_employee_842010,Confeccionador De Tapias De Junco Fino,842010,True,True,True,
occupation_type_employee_842011,Cosedor De Escobas,842011,True,True,True,
occupation_type_employee_842012,Escobero,842012,True,True,True,
occupation_type_employee_842013,"Esterero En Junco,Pita Y Fibra De Coco",842013,True,True,True,
occupation_type_employee_842014,Tejedor De Capazos,842014,True,True,True,
occupation_type_employee_842015,Tejedor De Capazos De Junco O Esparto,842015,True,True,True,
occupation_type_employee_842016,Tejedor De Cestos,842016,True,True,True,
occupation_type_employee_842017,Tejedor De Seras Y Serones,842017,True,True,True,
occupation_type_employee_842018,Tejedor Muebles De Mimbre,842018,True,True,True,
occupation_type_employee_842019,"Trenzador De Cestas,De Sarrias",842019,True,True,True,
occupation_type_employee_842020,Tejedores De Esteras Y Funcos,842020,True,True,True,
occupation_type_employee_843001,Fabricante De Piezas En Hormigon Armado,843001,True,True,True,
occupation_type_employee_843002,Fabricante De Productos De Asbestos-Cemento,843002,True,True,True,
occupation_type_employee_843003,Fabricante De Productos De Piedra Artificial,843003,True,True,True,
occupation_type_employee_844001,"Abaniquero,Confeccionador De Abanicos",844001,True,True,True,
occupation_type_employee_844002,Candelero,844002,True,True,True,
occupation_type_employee_844003,Cerero,844003,True,True,True,
occupation_type_employee_844004,Confeccionador De Munecos Y Juguetes De Trapo,844004,True,True,True,
occupation_type_employee_844005,Confeccionador De Sellos De Caucho,844005,True,True,True,
occupation_type_employee_844006,Confeccionador De Velas Y Bujias,844006,True,True,True,
occupation_type_employee_844007,Confeccionador De Pelucas,844007,True,True,True,
occupation_type_employee_844008,Confecc.De Zapatos De Rafia Y Fibras Semejantes,844008,True,True,True,
occupation_type_employee_844009,Confeccionador De Ojotas O Llanques,844009,True,True,True,
occupation_type_employee_844010,Confeccionador De Felpudos De Jebe O Llanta,844010,True,True,True,
occupation_type_employee_844011,Confeccionador De Artesania Con Fibra Acrilica,844011,True,True,True,
occupation_type_employee_844012,Confeccionador De Postizos,844012,True,True,True,
occupation_type_employee_844013,Confeccionador De Dientes Artificiales,844013,True,True,True,
occupation_type_employee_844014,Confeccionador De Cierres,844014,True,True,True,
occupation_type_employee_844015,"Cortador De Corcho, Fabricacion De Articulos",844015,True,True,True,
occupation_type_employee_844016,"Grabador De Marfil, Hueso Y Plastico",844016,True,True,True,
occupation_type_employee_844017,"Grabador De Hierro, Marfil,Plastico O Hueso",844017,True,True,True,
occupation_type_employee_844029,Operador De Maquina De Fabricar Lapices,844029,True,True,True,
occupation_type_employee_844030,Operador De Prensa De Fab. Tizas Blancas Y Color,844030,True,True,True,
occupation_type_employee_844031,Preparador De Placas Fotograficas,844031,True,True,True,
occupation_type_employee_844032,Maquinista En La Fabricacion De Cables,844032,True,True,True,
occupation_type_employee_844033,Tejedor De Disfraces,844033,True,True,True,
occupation_type_employee_851001,"Barnizador, Construccion",851001,True,True,True,
occupation_type_employee_851002,"Decorador De Abordo, Barcos",851002,True,True,True,
occupation_type_employee_851003,Encallador,851003,True,True,True,
occupation_type_employee_851004,"Pintor De Coches De Viajeros Y Vagones, Ferrocarriles",851004,True,True,True,
occupation_type_employee_851005,"Pintor De Construccion, Conservacion",851005,True,True,True,
occupation_type_employee_851006,Pintor De Construc.Metalicas Y Cascos Y Buques,851006,True,True,True,
occupation_type_employee_851007,"Pintor De Construccion Escenicas,Cinematografia",851007,True,True,True,
occupation_type_employee_851008,"Barnizador,Construccion",851008,True,True,True,
occupation_type_employee_851009,"Pintor De Decorador De Fondo,Teatro,Cine",851009,True,True,True,
occupation_type_employee_852001,"Pintor A Pincel Y Rodillo,Excepto Edificio Y Construc.",852001,True,True,True,
occupation_type_employee_852002,"Pintor A Pistola,Excepto De Edif.Y Construcion",852002,True,True,True,
occupation_type_employee_852003,Pintor De Automoviles,852003,True,True,True,
occupation_type_employee_852004,Pintor De Letreros Y Rotulos,852004,True,True,True,
occupation_type_employee_852005,Pintor De Rotulos,852005,True,True,True,
occupation_type_employee_852006,Pintor Por Inmersion,852006,True,True,True,
occupation_type_employee_852007,"Pintor-Pulverizador,Fabricacion De Automoviles",852007,True,True,True,
occupation_type_employee_852008,"Pintor Retocador De Automov., Carroc. De Productos En Serie",852008,True,True,True,
occupation_type_employee_852009,"Reparacion De Automoviles,Pintor Retocador",852009,True,True,True,
occupation_type_employee_852010,"Retocador De Automoviles,Carroceria",852010,True,True,True,
occupation_type_employee_852011,"Barnizador,Excepto Construccion",852011,True,True,True,
occupation_type_employee_852012,"Laqueador,Excepto Construccion",852012,True,True,True,
occupation_type_employee_862009,Operador De Maq De Aire Comprim Para Revest. Con Hormigon,862009,True,True,True,
occupation_type_employee_866001,Aislador De Edificio,866001,True,True,True,
occupation_type_employee_866002,Aislador De Inst.De Refrig. Y De Climatizacion,866002,True,True,True,
occupation_type_employee_866003,Aislador De Turbina,866003,True,True,True,
occupation_type_employee_866004,"Instalador De Mater.Aislante,En Edific,De Insonorizacion",866004,True,True,True,
occupation_type_employee_866005,"Sonidos;En Calderas Y Tuberias, De Aire Acondicionado",866005,True,True,True,
occupation_type_employee_866006,"Ionado, Equipos De Regrigeracion, Etc.",866006,True,True,True,
occupation_type_employee_866007,Instalador De Material De Insonorizacion,866007,True,True,True,
occupation_type_employee_866008,Otros Instaladores De Mater.Aislantes De Insonorizacion,866008,True,True,True,
occupation_type_employee_868002,"Buzo (Constr. Y Repara Cimiento De Los Puentes, Y Diques, M",868002,True,True,True,
occupation_type_employee_868009,Maestro De Obras En General,868009,True,True,True,
occupation_type_employee_868018,Reparador De Chimineas Y Torres,868018,True,True,True,
occupation_type_employee_871001,Cargas De Energia Electrica,871001,True,True,True,
occupation_type_employee_871002,"Dispatcher De Energia Electrica,Repartidor De Cargas",871002,True,True,True,
occupation_type_employee_871003,"Electrico,De Generador",871003,True,True,True,
occupation_type_employee_871004,Operador De Central Termoelectrica E Hidroelectricas,871004,True,True,True,
occupation_type_employee_871005,Operador De Cuadro De Distribucion De Control,871005,True,True,True,
occupation_type_employee_871006,Operador De Equipo Electrogeno Particular,871006,True,True,True,
occupation_type_employee_871007,"Operador De Generador De Energia Electrica, Inst. Particula",871007,True,True,True,
occupation_type_employee_871008,Operador De Instalacion De Central Termoelectrica E Hidroel,871008,True,True,True,
occupation_type_employee_871009,Operador De Planta De Fuerza Energia Electrica,871009,True,True,True,
occupation_type_employee_871010,Operador De Reactor Nuclear,871010,True,True,True,
occupation_type_employee_871011,"Operador De Turbina De Central Electrica, Planta De Fuerza",871011,True,True,True,
occupation_type_employee_871012,Operador De Planta Termoelectrica E Hidroelectricas,871012,True,True,True,
occupation_type_employee_871013,Otros Operadores De Instalaciones De Produccion De Energia,871013,True,True,True,
occupation_type_employee_871014,"Repartidor De Cargas,Energia Electrica",871014,True,True,True,
occupation_type_employee_872001,Conductor - Chofer De Maquinaria Agricola,872001,True,True,True,
occupation_type_employee_872002,Funigador - Conductor,872002,True,True,True,
occupation_type_employee_872003,Operador De Maquinaria De Irrigacion Artificial,872003,True,True,True,
occupation_type_employee_872004,Tractorista,872004,True,True,True,
occupation_type_employee_872006,Operador - Cosechadora,872006,True,True,True,
occupation_type_employee_873001,"Conductor De Compresas De Aire, De Gas",873001,True,True,True,
occupation_type_employee_873002,Conductor De Instalaciones Depuradora De Agua,873002,True,True,True,
occupation_type_employee_873003,"Fogonero De Caldera De Vapor, Excepto Fogonero De Barco O L",873003,True,True,True,
occupation_type_employee_873004,Guarda De Prensa De Embalse,873004,True,True,True,
occupation_type_employee_873005,"Guarda De Valvulas De Desague, Embalse",873005,True,True,True,
occupation_type_employee_873006,"Operador De Compresor De Aire, De Gas",873006,True,True,True,
occupation_type_employee_873007,Operador De Estacion De Bombeo,873007,True,True,True,
occupation_type_employee_873008,"Operador De Instalaciones De Bombeo,Exc Refino De Petroleo",873008,True,True,True,
occupation_type_employee_873009,"Operador De Instalaciones De Tratamiento Del Agua,Abastecim",873009,True,True,True,
occupation_type_employee_873010,Operador De Instalaciones De Incineracion De Residuos,873010,True,True,True,
occupation_type_employee_873011,Operador De Instalaciones De Refrigeracion,873011,True,True,True,
occupation_type_employee_873012,Operador De Instalaciones De Calef.Y Ventilacion,873012,True,True,True,
occupation_type_employee_873013,Operador De Maquinas Fijas N.E.O.P,873013,True,True,True,
occupation_type_employee_873014,Otros Operador De Maquinas Fijas Y De Instalaciones Similar,873014,True,True,True,
occupation_type_employee_873015,"Vigilantes De Compuertas,Servicios De Agua",873015,True,True,True,
occupation_type_employee_873016,Maquinistas De Maquinas Fijas N.E.O.P,873016,True,True,True,
occupation_type_employee_874001,Aparejador De Aparatos De Elevacion,874001,True,True,True,
occupation_type_employee_874002,Aparejador De Barcos,874002,True,True,True,
occupation_type_employee_874003,Aparejador De Aviones,874003,True,True,True,
occupation_type_employee_874004,"Aparejador, Fondeos De Petroleo Y De Gas",874004,True,True,True,
occupation_type_employee_874005,"Aparejador, Perforacion De Pozos De Petrol.Y Gas",874005,True,True,True,
occupation_type_employee_874006,"Aparejador, Sondeos De Petroleo Y De Gas",874006,True,True,True,
occupation_type_employee_874007,"Empalmador De Cuerdas Y Cables En Gral, En Excepto Electric",874007,True,True,True,
occupation_type_employee_874008,Empalmador De Estrobos,874008,True,True,True,
occupation_type_employee_874009,Montador De Aparatos De Elevacion(Funicular),874009,True,True,True,
occupation_type_employee_874010,Montador De Cables De Aviacion,874010,True,True,True,
occupation_type_employee_874011,"Montador De Cables,Perfor.De Pozos De Petr.Gas",874011,True,True,True,
occupation_type_employee_874012,Montador De Cables De Puentes Colgantes,874012,True,True,True,
occupation_type_employee_874013,Montador De Cables De Guaros Aereos,874013,True,True,True,
occupation_type_employee_874014,Montador De Cables De Transporte Aereo,874014,True,True,True,
occupation_type_employee_874015,"Otros Aparejadores Y Empalmadores De Cables,Excepto De Tele",874015,True,True,True,
occupation_type_employee_875001,Conductor De Grua Apiladora,875001,True,True,True,
occupation_type_employee_875002,Conductor De Grua Fija,875002,True,True,True,
occupation_type_employee_875003,Conductor De Grua Movil,875003,True,True,True,
occupation_type_employee_875004,Conductor De Grua Locomovil,875004,True,True,True,
occupation_type_employee_875005,Conductor De Grua Flotante,875005,True,True,True,
occupation_type_employee_875006,Conductor De Grua Sobre Plataforma Movil.Ferrc.,875006,True,True,True,
occupation_type_employee_875007,"Conductor De Jaulas,Minas",875007,True,True,True,
occupation_type_employee_875008,Chofer De Montacargas(Construccion),875008,True,True,True,
occupation_type_employee_875009,Conductor De Puente Grua O Grua De Portico,875009,True,True,True,
occupation_type_employee_875010,Conductor De Torre Grua,875010,True,True,True,
occupation_type_employee_875011,"Conductor De Grua,Sobre Vagon De Ferrocarriles",875011,True,True,True,
occupation_type_employee_875012,"Gruista,Conductor De Grua De Portico O Pte Grua",875012,True,True,True,
occupation_type_employee_875013,Maquinista De Torre Grua,875013,True,True,True,
occupation_type_employee_875014,"Maquinista De Extraccion,Minas",875014,True,True,True,
occupation_type_employee_875015,Maquinistas De Puente Giratorio,875015,True,True,True,
occupation_type_employee_875016,Operador De Cabrestante,875016,True,True,True,
occupation_type_employee_875017,Operador De Grua De Cubierta,875017,True,True,True,
occupation_type_employee_875018,"Operador De Montacargas,Construccion",875018,True,True,True,
occupation_type_employee_875019,Operador De Ponton De Grua,875019,True,True,True,
occupation_type_employee_875020,Operador De Puente Levadizo,875020,True,True,True,
occupation_type_employee_875021,Operador De Puente Giratorio,875021,True,True,True,
occupation_type_employee_875022,"Operador De Torno De Vapor, Cabrestante",875022,True,True,True,
occupation_type_employee_875023,Operador De Cabrestante De Vapor,875023,True,True,True,
occupation_type_employee_875024,Conductores De Gruas Y Operadores De Instalaciones De Eleva,875024,True,True,True,
occupation_type_employee_875025,Maniobrista De Muelle,875025,True,True,True,
occupation_type_employee_876001,Conductor De Aplanadora De Caminos,876001,True,True,True,
occupation_type_employee_876002,Conductor De Apisonadora,876002,True,True,True,
occupation_type_employee_876003,Conductor De Asfaltadora,876003,True,True,True,
occupation_type_employee_876004,Conductor De Alquitranadora Asfaltadora,876004,True,True,True,
occupation_type_employee_876005,Conductor De Atacador Mecanico Construccion,876005,True,True,True,
occupation_type_employee_876006,Conductor De Bulldozer,876006,True,True,True,
occupation_type_employee_876007,Conductor De Cangilon De Arrastre,876007,True,True,True,
occupation_type_employee_876008,Conductor De Dragalina,876008,True,True,True,
occupation_type_employee_876009,Conductor De Draga,876009,True,True,True,
occupation_type_employee_876010,Conductor De Excavadora,876010,True,True,True,
occupation_type_employee_876011,Conductor De Explanadora Y De Escraper,876011,True,True,True,
occupation_type_employee_876012,Conductor De Esparcidora Acabadora Para Camino,876012,True,True,True,
occupation_type_employee_876013,Conductor De Hormigonera,876013,True,True,True,
occupation_type_employee_876014,Conductor De Instalacion Distribuidora Para La Preparacion,876014,True,True,True,
occupation_type_employee_876015,Conductor De Maquinas De Abrir Zanjas,876015,True,True,True,
occupation_type_employee_876016,Conductor De Maquinas De Excavar Zanjas,876016,True,True,True,
occupation_type_employee_876017,Conductor De Martinete,876017,True,True,True,
occupation_type_employee_876018,Conductor De Maquina Hincadora De Pilotes,876018,True,True,True,
occupation_type_employee_876019,Conductor De Maquina De Abrir Tuneles,876019,True,True,True,
occupation_type_employee_876020,Conductor De Maquina De Abrir Hoyos,876020,True,True,True,
occupation_type_employee_876021,"Conductor De Niveladora Con Cuchilla Frontal,Bulldozer",876021,True,True,True,
occupation_type_employee_876022,Conductor De Niveladora Y Escraper,876022,True,True,True,
occupation_type_employee_876023,Conductor De Pala Mecanica,876023,True,True,True,
occupation_type_employee_876024,Conductor De Pavimentadora En Hormigon,876024,True,True,True,
occupation_type_employee_876025,"Conductor De Perforad.De Aire Comprimido,Const.",876025,True,True,True,
occupation_type_employee_876026,Operador De Instalciones Para Mezclar Hormigon,876026,True,True,True,
occupation_type_employee_876027,Operador De Zanjadora De Cangilones,876027,True,True,True,
occupation_type_employee_876028,Otros Conductores De Maquina Para El Movimiento De Tierras,876028,True,True,True,
occupation_type_employee_876029,"Picador Con Martillo Neumatico, Construccion",876029,True,True,True,
occupation_type_employee_877001,Conductor De Carretilla Elevadora,877001,True,True,True,
occupation_type_employee_877002,Conductor De Carreton De Horquilla Elevadora,877002,True,True,True,
occupation_type_employee_877003,Conductor De Camion Volquete,877003,True,True,True,
occupation_type_employee_877004,"Conductor De Carreta De Transporte Troncos, Rollizos Y Fust",877004,True,True,True,
occupation_type_employee_877005,Conductor De Cinta Transportadora,877005,True,True,True,
occupation_type_employee_877006,Conductor De Elevadorde Carga,877006,True,True,True,
occupation_type_employee_877007,"Conductor De Vagonera Lanzadera,Minas",877007,True,True,True,
occupation_type_employee_877008,Obreros De La Manipulacion De Mercancia Y Materiales O De M,877008,True,True,True,
occupation_type_employee_877009,Chofer De Montacargas(Excepto Construccion),877009,True,True,True,
occupation_type_employee_877010,Elevadorista De Carga,877010,True,True,True,
occupation_type_employee_877011,Volquetero,877011,True,True,True,
occupation_type_employee_881001,Balseros,881001,True,True,True,
occupation_type_employee_881002,Contramaestre De Barco,881002,True,True,True,
occupation_type_employee_881003,Grumete,881003,True,True,True,
occupation_type_employee_881004,Lanchero,881004,True,True,True,
occupation_type_employee_881005,"Marinero En Gral, De Primera,Sgda,De Remolcador De Yate,De",881005,True,True,True,
occupation_type_employee_881006,Panolero De Cubierta,881006,True,True,True,
occupation_type_employee_881007,Timonel De Barco,881007,True,True,True,
occupation_type_employee_881008,Maniobrista De Barco,881008,True,True,True,
occupation_type_employee_881009,Marinero(Marinero Mercante),881009,True,True,True,
occupation_type_employee_881010,Vaporino,881010,True,True,True,
occupation_type_employee_882002,Engrasador De Barcos,882002,True,True,True,
occupation_type_employee_882005,"Mecanicos Engrasador,Barcos",882005,True,True,True,
occupation_type_employee_883002,Conductor De Locomotora En Minas Y Canteras,883002,True,True,True,
occupation_type_employee_883003,Conductor De Locomotoras De Maniobras,883003,True,True,True,
occupation_type_employee_883004,Fogonero De Locomotora De Vapor,883004,True,True,True,
occupation_type_employee_883005,Maquinista De Tren O Locomotora,883005,True,True,True,
occupation_type_employee_883006,Maquinista De Tren De Mina O Cantera,883006,True,True,True,
occupation_type_employee_884001,Agentes De Maniobras,884001,True,True,True,
occupation_type_employee_884002,Brequero De Ferrocarril,884002,True,True,True,
occupation_type_employee_884003,Clasificador De Trenes,884003,True,True,True,
occupation_type_employee_884004,"Conductor,Agente De Maniobras",884004,True,True,True,
occupation_type_employee_884005,"Derivador, Ferrocarriles",884005,True,True,True,
occupation_type_employee_884006,"Enganchador De Vagones,Ferrocarriles",884006,True,True,True,
occupation_type_employee_884007,"Guardafrenos,Tren De Mercancia",884007,True,True,True,
occupation_type_employee_884008,Guardagujas/Controlador De Trafico Ferroviario,884008,True,True,True,
occupation_type_employee_884009,"Guardagujas-Enganchador,(Minas Y Canteras)",884009,True,True,True,
occupation_type_employee_884010,Jefe De Tren De Mercancias,884010,True,True,True,
occupation_type_employee_885001,Chofer De Taxi,885001,True,True,True,
occupation_type_employee_885002,Chofer De Entrega De Coches Nuevos,885002,True,True,True,
occupation_type_employee_885003,Chofer Particular,885003,True,True,True,
occupation_type_employee_885004,Conductor De Motocicleta,885004,True,True,True,
occupation_type_employee_885005,"Conductor De Autobus, Automovil, Camioneta, Camion O Furgon",885005,True,True,True,
occupation_type_employee_885006,Microbusero/Conductor De Microbus,885006,True,True,True,
occupation_type_employee_885007,Taxista,885007,True,True,True,
occupation_type_employee_885008,Conductores De Camiones Pesados,885008,True,True,True,
occupation_type_employee_886001,"Guarda Barrera,Ferrocarriles",886001,True,True,True,
occupation_type_employee_886002,"Guarda De Esclusa,Canales O Puertos",886002,True,True,True,
occupation_type_employee_886003,Jefe De Dique O Varadero,886003,True,True,True,
occupation_type_employee_886004,Jefe De Puerto.Dique Seco,886004,True,True,True,
occupation_type_employee_886006,"Patron De Puerto,Dique Seco",886006,True,True,True,
occupation_type_employee_886007,"Torrero De Faro,Aeropuerto Y Puertos",886007,True,True,True,
occupation_type_employee_931001,"Cobrador, Autobuses Y Microbuses",931001,True,True,True,
occupation_type_employee_931002,"Cobrador, Pasaje/ Microbus Y Omnibus",931002,True,True,True,
occupation_type_employee_931003,"Cobrador, Pasaje/ Camioneta Rural (Combi)",931003,True,True,True,
occupation_type_employee_931004,"Cobrador, Pasaje/ Ferrocarril",931004,True,True,True,
occupation_type_employee_931005,"Cobrador, Transporte Por Carretera",931005,True,True,True,
occupation_type_employee_931006,"Vendedor De Boletos, Camioneta Rural, Microbuses, Omnibus,",931006,True,True,True,
occupation_type_employee_931007,Vendedor De Boletos Y Pasajes De Viaje Aereo,931007,True,True,True,
occupation_type_employee_942001,"Almidonador, Lavanderia",942001,True,True,True,
occupation_type_employee_942002,"Camarero, Hoteleria",942002,True,True,True,
occupation_type_employee_942003,"Clasificador, Ropa/Lavanderia",942003,True,True,True,
occupation_type_employee_942004,"Lavandero, A Mano/Lavanderia",942004,True,True,True,
occupation_type_employee_942005,Lavapisos,942005,True,True,True,
occupation_type_employee_942006,"Lavaplatos De: Cantina, Hotel, Restaurante",942006,True,True,True,
occupation_type_employee_942007,"Limpiador, En Seco/A Mano",942007,True,True,True,
occupation_type_employee_942008,"Limpiador De: Fabricas, Hoteles, Oficinas Y Restaurantes",942008,True,True,True,
occupation_type_employee_942009,"Mujer De Limpieza De: Hoteles, Oficinas Etc.",942009,True,True,True,
occupation_type_employee_942010,"Peon De Limpieza De: Aeronaves, Autobuses, Fabricas Etc.",942010,True,True,True,
occupation_type_employee_942011,"Planchador, A Mano",942011,True,True,True,
occupation_type_employee_942012,"Quitamanchas, A Mano",942012,True,True,True,
occupation_type_employee_943001,Bedel,943001,True,True,True,
occupation_type_employee_943002,Conserje,943002,True,True,True,
occupation_type_employee_943003,"Conserje, Edificio/Apartamentos",943003,True,True,True,
occupation_type_employee_943004,"Empleado, Edificio/Apartamentos(Limpieza)",943004,True,True,True,
occupation_type_employee_943005,"Encargado, Inmueble",943005,True,True,True,
occupation_type_employee_943006,"Guardian, Edificio",943006,True,True,True,
occupation_type_employee_943007,Portero-Cuidador,943007,True,True,True,
occupation_type_employee_943008,"Portero-Cuidador, Establecimiento Religioso",943008,True,True,True,
occupation_type_employee_943009,Sacristan,943009,True,True,True,
occupation_type_employee_945001,"Acomodador, Sala, Cine, Teatro Etc.",945001,True,True,True,
occupation_type_employee_945002,Anotador De Apuestas,945002,True,True,True,
occupation_type_employee_945003,Armador De Cajas De Carton A Mano,945003,True,True,True,
occupation_type_employee_945008,Cartonero A Mano,945008,True,True,True,
occupation_type_employee_945009,"Comprador, Vendedor Ambulante De Monedas Y Billetes",945009,True,True,True,
occupation_type_employee_945010,Decorador De Iglesias,945010,True,True,True,
occupation_type_employee_945013,Embalador A Mano Y/O Maquina,945013,True,True,True,
occupation_type_employee_945014,Empaquetador A Mano Y/O Maquina,945014,True,True,True,
occupation_type_employee_945017,Envasador A Mano O Y/O Maquina,945017,True,True,True,
occupation_type_employee_945019,Fotografo Ambulante,945019,True,True,True,
occupation_type_employee_945020,Jardinero,945020,True,True,True,
occupation_type_employee_945022,Mecanografos Ambulantes,945022,True,True,True,
occupation_type_employee_945023,"Meretrices, Prostitutas, Copetineras",945023,True,True,True,
occupation_type_employee_945024,Mozo De Mudanza,945024,True,True,True,
occupation_type_employee_945032,Pareja De Baile,945032,True,True,True,
occupation_type_employee_945034,Pintor De Bandas Sobre Calles Y Caminos,945034,True,True,True,
occupation_type_employee_945035,"Promotores De Juego En La Calle (Ajedrez, Damas, Etc.)",945035,True,True,True,
occupation_type_employee_945036,"Recepcionista-Acompañante, Cabaret, Club Etc.",945036,True,True,True,
occupation_type_employee_945038,Servicio De Alquiler De Vehiculos,945038,True,True,True,
occupation_type_employee_945039,"Servicio De Alquiler De Videos, Equipos De Sonido",945039,True,True,True,
occupation_type_employee_945040,Tinterillero,945040,True,True,True,
occupation_type_employee_945041,Trabajador En Ferias Y Parques Mecanicos De Diversiones,945041,True,True,True,
occupation_type_employee_945042,"Trabajador De Casino, Pin-Ball, Bowling, Bingo Y Salas De J",945042,True,True,True,
occupation_type_employee_945043,Tramitador Ambulante,945043,True,True,True,
occupation_type_employee_945044,Vendedores Por Telefono,945044,True,True,True,
occupation_type_employee_945045,Cobrador De Autos,945045,True,True,True,
occupation_type_employee_951001,Asensorista,951001,True,True,True,
occupation_type_employee_951002,Botones,951002,True,True,True,
occupation_type_employee_951003,"Caddie, O Porteador De Palos De Golf",951003,True,True,True,
occupation_type_employee_951004,"Maletero, Hotel",951004,True,True,True,
occupation_type_employee_951005,Mandadero,951005,True,True,True,
occupation_type_employee_951006,Mensajero,951006,True,True,True,
occupation_type_employee_951007,"Mensajero, Telegramas",951007,True,True,True,
occupation_type_employee_951008,Mozo De Cuerda,951008,True,True,True,
occupation_type_employee_951009,Repartidor,951009,True,True,True,
occupation_type_employee_951010,"Repartidor, Diarios",951010,True,True,True,
occupation_type_employee_951011,"Repartidor, Periodicos",951011,True,True,True,
occupation_type_employee_952001,Acomodador,952001,True,True,True,
occupation_type_employee_952002,"Conserje, Hotel",952002,True,True,True,
occupation_type_employee_952003,"Encargado, Local De Aseo",952003,True,True,True,
occupation_type_employee_952004,Guardian,952004,True,True,True,
occupation_type_employee_952005,"Guardian, Estacionamiento",952005,True,True,True,
occupation_type_employee_952006,"Guardian, Feria",952006,True,True,True,
occupation_type_employee_952007,"Guardian, Galeria De Arte",952007,True,True,True,
occupation_type_employee_952008,"Guardian, Guardarropa",952008,True,True,True,
occupation_type_employee_952009,"Guardian, Museo",952009,True,True,True,
occupation_type_employee_952010,"Guardian, Parque De Atracciones",952010,True,True,True,
occupation_type_employee_952011,"Guardian, Parques Y Jardines Publicos",952011,True,True,True,
occupation_type_employee_952012,"Guardian, Salon De Descanso",952012,True,True,True,
occupation_type_employee_952013,"Guardian, Vestuario",952013,True,True,True,
occupation_type_employee_952014,Portero,952014,True,True,True,
occupation_type_employee_952015,"Portero, Hotel",952015,True,True,True,
occupation_type_employee_952016,"Portero, Hotel/Vestibulo De Recepcion",952016,True,True,True,
occupation_type_employee_952017,Sereno,952017,True,True,True,
occupation_type_employee_952018,Ujier,952018,True,True,True,
occupation_type_employee_952019,Vigilante,952019,True,True,True,
occupation_type_employee_952020,"Vigilante, Horarios De Trabajo",952020,True,True,True,
occupation_type_employee_952021,"Vigilante, Museo",952021,True,True,True,
occupation_type_employee_952022,"Vigilante, Nocturno",952022,True,True,True,
occupation_type_employee_953001,Lector De Medidores,953001,True,True,True,
occupation_type_employee_114001,"Dirigente, Partido Politico",114001,True,True,True,
occupation_type_employee_114002,"Secretario General, Partido Politico",114002,True,True,False,
occupation_type_employee_114003,"Secretario, Partido Politico",114003,True,True,False,
occupation_type_employee_115001,"Dirigente, Organizacion De Empleadores",115001,True,True,False,
occupation_type_employee_115002,"Dirigente, Sindicato De Trabajadores",115002,True,True,False,
occupation_type_employee_115003,"Secretario General, Organizacion De Empleadores",115003,True,True,False,
occupation_type_employee_115004,"Secretario General, Sindicato De Trabajadores",115004,True,True,False,
occupation_type_employee_116001,"Dirigente, Organizacion Especializada",116001,True,True,False,
occupation_type_employee_116002,"Secretario General, Organizacion De Proteccion De La Fauna",116002,True,True,False,
occupation_type_employee_116003,"Secretario General, Organizacion De Proteccion Del Medio Am",116003,True,True,False,
occupation_type_employee_999001,Ocupación No Especificada.,999001,True,True,True,
